"都道府県名","市区町村名","総数（人口）","交付枚数","交付率","人口算出基準日","交付件数基準日"
"北海道","札幌市",1947494,179902,9.2,"2017/01/01","2018/03/01"
"北海道","函館市",265503,23204,8.7,"2017/01/01","2018/03/01"
"北海道","小樽市",120769,11686,9.7,"2017/01/01","2018/03/01"
"北海道","旭川市",342848,26725,7.8,"2017/01/01","2018/03/01"
"北海道","室蘭市",87180,9820,11.3,"2017/01/01","2018/03/01"
"北海道","釧路市",174518,16140,9.2,"2017/01/01","2018/03/01"
"北海道","帯広市",168096,14363,8.5,"2017/01/01","2018/03/01"
"北海道","北見市",119978,11612,9.7,"2017/01/01","2018/03/01"
"北海道","夕張市",8685,1014,11.7,"2017/01/01","2018/03/01"
"北海道","岩見沢市",83942,8001,9.5,"2017/01/01","2018/03/01"
"北海道","網走市",36912,3660,9.9,"2017/01/01","2018/03/01"
"北海道","留萌市",22137,1995,9.0,"2017/01/01","2018/03/01"
"北海道","苫小牧市",173135,18529,10.7,"2017/01/01","2018/03/01"
"北海道","稚内市",35490,4000,11.3,"2017/01/01","2018/03/01"
"北海道","美唄市",22724,2076,9.1,"2017/01/01","2018/03/01"
"北海道","芦別市",14512,1565,10.8,"2017/01/01","2018/03/01"
"北海道","江別市",119182,9950,8.3,"2017/01/01","2018/03/01"
"北海道","赤平市",10772,1292,12.0,"2017/01/01","2018/03/01"
"北海道","紋別市",22866,1582,6.9,"2017/01/01","2018/03/01"
"北海道","士別市",19699,1785,9.1,"2017/01/01","2018/03/01"
"北海道","名寄市",28280,2714,9.6,"2017/01/01","2018/03/01"
"北海道","三笠市",9001,1003,11.1,"2017/01/01","2018/03/01"
"北海道","根室市",27018,1989,7.4,"2017/01/01","2018/03/01"
"北海道","千歳市",96428,11726,12.2,"2017/01/01","2018/03/01"
"北海道","滝川市",41241,4114,10.0,"2017/01/01","2018/03/01"
"北海道","砂川市",17565,1778,10.1,"2017/01/01","2018/03/01"
"北海道","歌志内市",3524,359,10.2,"2017/01/01","2018/03/01"
"北海道","深川市",21597,1680,7.8,"2017/01/01","2018/03/01"
"北海道","富良野市",22598,2424,10.7,"2017/01/01","2018/03/01"
"北海道","登別市",49440,4884,9.9,"2017/01/01","2018/03/01"
"北海道","恵庭市",69227,7574,10.9,"2017/01/01","2018/03/01"
"北海道","伊達市",35098,3175,9.0,"2017/01/01","2018/03/01"
"北海道","北広島市",59133,5282,8.9,"2017/01/01","2018/03/01"
"北海道","石狩市",58950,5770,9.8,"2017/01/01","2018/03/01"
"北海道","北斗市",47181,3544,7.5,"2017/01/01","2018/03/01"
"北海道","石狩郡当別町",16602,1654,10.0,"2017/01/01","2018/03/01"
"北海道","石狩郡新篠津村",3220,201,6.2,"2017/01/01","2018/03/01"
"北海道","松前郡松前町",7793,793,10.2,"2017/01/01","2018/03/01"
"北海道","松前郡福島町",4347,305,7.0,"2017/01/01","2018/03/01"
"北海道","上磯郡知内町",4583,253,5.5,"2017/01/01","2018/03/01"
"北海道","上磯郡木古内町",4431,397,9.0,"2017/01/01","2018/03/01"
"北海道","亀田郡七飯町",28574,2453,8.6,"2017/01/01","2018/03/01"
"北海道","茅部郡鹿部町",4082,339,8.3,"2017/01/01","2018/03/01"
"北海道","茅部郡森町",16255,1084,6.7,"2017/01/01","2018/03/01"
"北海道","二海郡八雲町",17277,1329,7.7,"2017/01/01","2018/03/01"
"北海道","山越郡長万部町",5625,433,7.7,"2017/01/01","2018/03/01"
"北海道","檜山郡江差町",8084,642,7.9,"2017/01/01","2018/03/01"
"北海道","檜山郡上ノ国町",5131,385,7.5,"2017/01/01","2018/03/01"
"北海道","檜山郡厚沢部町",4111,299,7.3,"2017/01/01","2018/03/01"
"北海道","爾志郡乙部町",3919,167,4.3,"2017/01/01","2018/03/01"
"北海道","奥尻郡奥尻町",2795,228,8.2,"2017/01/01","2018/03/01"
"北海道","瀬棚郡今金町",5544,611,11.0,"2017/01/01","2018/03/01"
"北海道","久遠郡せたな町",8453,489,5.8,"2017/01/01","2018/03/01"
"北海道","寿都郡寿都町",3094,319,10.3,"2017/01/01","2018/03/01"
"北海道","寿都郡黒松内町",2977,205,6.9,"2017/01/01","2018/03/01"
"北海道","磯谷郡蘭越町",4889,393,8.0,"2017/01/01","2018/03/01"
"北海道","虻田郡ニセコ町",5142,399,7.8,"2017/01/01","2018/03/01"
"北海道","虻田郡真狩村",2095,156,7.4,"2017/01/01","2018/03/01"
"北海道","虻田郡留寿都村",1974,189,9.6,"2017/01/01","2018/03/01"
"北海道","虻田郡喜茂別町",2256,146,6.5,"2017/01/01","2018/03/01"
"北海道","虻田郡京極町",3119,202,6.5,"2017/01/01","2018/03/01"
"北海道","虻田郡倶知安町",16469,1409,8.6,"2017/01/01","2018/03/01"
"北海道","岩内郡共和町",6121,625,10.2,"2017/01/01","2018/03/01"
"北海道","岩内郡岩内町",13180,1192,9.0,"2017/01/01","2018/03/01"
"北海道","古宇郡泊村",1739,185,10.6,"2017/01/01","2018/03/01"
"北海道","古宇郡神恵内村",901,80,8.9,"2017/01/01","2018/03/01"
"北海道","積丹郡積丹町",2194,181,8.2,"2017/01/01","2018/03/01"
"北海道","古平郡古平町",3248,243,7.5,"2017/01/01","2018/03/01"
"北海道","余市郡仁木町",3392,286,8.4,"2017/01/01","2018/03/01"
"北海道","余市郡余市町",19617,1577,8.0,"2017/01/01","2018/03/01"
"北海道","余市郡赤井川村",1228,98,8.0,"2017/01/01","2018/03/01"
"北海道","空知郡南幌町",7785,845,10.9,"2017/01/01","2018/03/01"
"北海道","空知郡奈井江町",5648,690,12.2,"2017/01/01","2018/03/01"
"北海道","空知郡上砂川町",3247,354,10.9,"2017/01/01","2018/03/01"
"北海道","夕張郡由仁町",5368,608,11.3,"2017/01/01","2018/03/01"
"北海道","夕張郡長沼町",11211,1290,11.5,"2017/01/01","2018/03/01"
"北海道","夕張郡栗山町",12329,1345,10.9,"2017/01/01","2018/03/01"
"北海道","樺戸郡月形町",3419,217,6.3,"2017/01/01","2018/03/01"
"北海道","樺戸郡浦臼町",1958,299,15.3,"2017/01/01","2018/03/01"
"北海道","樺戸郡新十津川町",6789,754,11.1,"2017/01/01","2018/03/01"
"北海道","雨竜郡妹背牛町",3110,459,14.8,"2017/01/01","2018/03/01"
"北海道","雨竜郡秩父別町",2433,232,9.5,"2017/01/01","2018/03/01"
"北海道","雨竜郡雨竜町",2542,274,10.8,"2017/01/01","2018/03/01"
"北海道","雨竜郡北竜町",1961,249,12.7,"2017/01/01","2018/03/01"
"北海道","雨竜郡沼田町",3192,358,11.2,"2017/01/01","2018/03/01"
"北海道","上川郡鷹栖町",7127,489,6.9,"2017/01/01","2018/03/01"
"北海道","上川郡東神楽町",10403,766,7.4,"2017/01/01","2018/03/01"
"北海道","上川郡当麻町",6637,531,8.0,"2017/01/01","2018/03/01"
"北海道","上川郡比布町",3828,218,5.7,"2017/01/01","2018/03/01"
"北海道","上川郡愛別町",2963,295,10.0,"2017/01/01","2018/03/01"
"北海道","上川郡上川町",3789,447,11.8,"2017/01/01","2018/03/01"
"北海道","上川郡東川町",8188,722,8.8,"2017/01/01","2018/03/01"
"北海道","上川郡美瑛町",10335,747,7.2,"2017/01/01","2018/03/01"
"北海道","空知郡上富良野町",10984,1397,12.7,"2017/01/01","2018/03/01"
"北海道","空知郡中富良野町",5120,480,9.4,"2017/01/01","2018/03/01"
"北海道","空知郡南富良野町",2592,248,9.6,"2017/01/01","2018/03/01"
"北海道","勇払郡占冠村",1258,124,9.9,"2017/01/01","2018/03/01"
"北海道","上川郡和寒町",3542,312,8.8,"2017/01/01","2018/03/01"
"北海道","上川郡剣淵町",3273,291,8.9,"2017/01/01","2018/03/01"
"北海道","上川郡下川町",3355,220,6.6,"2017/01/01","2018/03/01"
"北海道","中川郡美深町",4573,400,8.7,"2017/01/01","2018/03/01"
"北海道","中川郡音威子府村",790,79,10.0,"2017/01/01","2018/03/01"
"北海道","中川郡中川町",1632,206,12.6,"2017/01/01","2018/03/01"
"北海道","雨竜郡幌加内町",1576,223,14.1,"2017/01/01","2018/03/01"
"北海道","増毛郡増毛町",4606,455,9.9,"2017/01/01","2018/03/01"
"北海道","苫前郡苫前町",3246,260,8.0,"2017/01/01","2018/03/01"
"北海道","苫前郡羽幌町",7322,671,9.2,"2017/01/01","2018/03/01"
"北海道","苫前郡初山別村",1235,103,8.3,"2017/01/01","2018/03/01"
"北海道","天塩郡遠別町",2781,225,8.1,"2017/01/01","2018/03/01"
"北海道","天塩郡天塩町",3208,322,10.0,"2017/01/01","2018/03/01"
"北海道","宗谷郡猿払村",2737,189,6.9,"2017/01/01","2018/03/01"
"北海道","枝幸郡浜頓別町",3783,344,9.1,"2017/01/01","2018/03/01"
"北海道","枝幸郡中頓別町",1775,112,6.3,"2017/01/01","2018/03/01"
"北海道","枝幸郡枝幸町",8473,1265,14.9,"2017/01/01","2018/03/01"
"北海道","天塩郡豊富町",4057,443,10.9,"2017/01/01","2018/03/01"
"北海道","礼文郡礼文町",2629,259,9.9,"2017/01/01","2018/03/01"
"北海道","利尻郡利尻町",2147,226,10.5,"2017/01/01","2018/03/01"
"北海道","利尻郡利尻富士町",2646,200,7.6,"2017/01/01","2018/03/01"
"北海道","天塩郡幌延町",2424,238,9.8,"2017/01/01","2018/03/01"
"北海道","網走郡美幌町",20246,2001,9.9,"2017/01/01","2018/03/01"
"北海道","網走郡津別町",4982,339,6.8,"2017/01/01","2018/03/01"
"北海道","斜里郡斜里町",11862,1083,9.1,"2017/01/01","2018/03/01"
"北海道","斜里郡清里町",4205,326,7.8,"2017/01/01","2018/03/01"
"北海道","斜里郡小清水町",5059,429,8.5,"2017/01/01","2018/03/01"
"北海道","常呂郡訓子府町",5201,340,6.5,"2017/01/01","2018/03/01"
"北海道","常呂郡置戸町",3034,373,12.3,"2017/01/01","2018/03/01"
"北海道","常呂郡佐呂間町",5346,383,7.2,"2017/01/01","2018/03/01"
"北海道","紋別郡遠軽町",20717,1625,7.8,"2017/01/01","2018/03/01"
"北海道","紋別郡湧別町",9203,645,7.0,"2017/01/01","2018/03/01"
"北海道","紋別郡滝上町",2731,229,8.4,"2017/01/01","2018/03/01"
"北海道","紋別郡興部町",3922,288,7.3,"2017/01/01","2018/03/01"
"北海道","紋別郡西興部村",1118,75,6.7,"2017/01/01","2018/03/01"
"北海道","紋別郡雄武町",4543,375,8.3,"2017/01/01","2018/03/01"
"北海道","網走郡大空町",7406,470,6.3,"2017/01/01","2018/03/01"
"北海道","虻田郡豊浦町",4180,306,7.3,"2017/01/01","2018/03/01"
"北海道","有珠郡壮瞥町",2647,342,12.9,"2017/01/01","2018/03/01"
"北海道","白老郡白老町",17685,1928,10.9,"2017/01/01","2018/03/01"
"北海道","勇払郡厚真町",4674,473,10.1,"2017/01/01","2018/03/01"
"北海道","虻田郡洞爺湖町",9196,801,8.7,"2017/01/01","2018/03/01"
"北海道","勇払郡安平町",8273,765,9.2,"2017/01/01","2018/03/01"
"北海道","勇払郡むかわ町",8564,938,11.0,"2017/01/01","2018/03/01"
"北海道","沙流郡日高町",12531,951,7.6,"2017/01/01","2018/03/01"
"北海道","沙流郡平取町",5267,388,7.4,"2017/01/01","2018/03/01"
"北海道","新冠郡新冠町",5700,395,6.9,"2017/01/01","2018/03/01"
"北海道","浦河郡浦河町",12805,931,7.3,"2017/01/01","2018/03/01"
"北海道","様似郡様似町",4534,264,5.8,"2017/01/01","2018/03/01"
"北海道","幌泉郡えりも町",4932,261,5.3,"2017/01/01","2018/03/01"
"北海道","日高郡新ひだか町",23425,1856,7.9,"2017/01/01","2018/03/01"
"北海道","河東郡音更町",45238,2968,6.6,"2017/01/01","2018/03/01"
"北海道","河東郡士幌町",6236,440,7.1,"2017/01/01","2018/03/01"
"北海道","河東郡上士幌町",4917,369,7.5,"2017/01/01","2018/03/01"
"北海道","河東郡鹿追町",5559,476,8.6,"2017/01/01","2018/03/01"
"北海道","上川郡新得町",6309,465,7.4,"2017/01/01","2018/03/01"
"北海道","上川郡清水町",9741,561,5.8,"2017/01/01","2018/03/01"
"北海道","河西郡芽室町",18918,1236,6.5,"2017/01/01","2018/03/01"
"北海道","河西郡中札内村",3977,303,7.6,"2017/01/01","2018/03/01"
"北海道","河西郡更別村",3266,248,7.6,"2017/01/01","2018/03/01"
"北海道","広尾郡広尾町",7179,532,7.4,"2017/01/01","2018/03/01"
"北海道","中川郡幕別町",27269,1955,7.2,"2017/01/01","2018/03/01"
"北海道","中川郡池田町",6996,711,10.2,"2017/01/01","2018/03/01"
"北海道","中川郡豊頃町",3240,242,7.5,"2017/01/01","2018/03/01"
"北海道","中川郡本別町",7406,504,6.8,"2017/01/01","2018/03/01"
"北海道","足寄郡足寄町",7139,588,8.2,"2017/01/01","2018/03/01"
"北海道","足寄郡陸別町",2500,190,7.6,"2017/01/01","2018/03/01"
"北海道","十勝郡浦幌町",4997,398,8.0,"2017/01/01","2018/03/01"
"北海道","釧路郡釧路町",19971,1526,7.6,"2017/01/01","2018/03/01"
"北海道","厚岸郡厚岸町",9837,661,6.7,"2017/01/01","2018/03/01"
"北海道","厚岸郡浜中町",6101,414,6.8,"2017/01/01","2018/03/01"
"北海道","川上郡標茶町",7821,473,6.0,"2017/01/01","2018/03/01"
"北海道","川上郡弟子屈町",7607,548,7.2,"2017/01/01","2018/03/01"
"北海道","阿寒郡鶴居村",2525,194,7.7,"2017/01/01","2018/03/01"
"北海道","白糠郡白糠町",8215,663,8.1,"2017/01/01","2018/03/01"
"北海道","野付郡別海町",15497,1211,7.8,"2017/01/01","2018/03/01"
"北海道","標津郡中標津町",23887,2077,8.7,"2017/01/01","2018/03/01"
"北海道","標津郡標津町",5368,465,8.7,"2017/01/01","2018/03/01"
"北海道","目梨郡羅臼町",5358,348,6.5,"2017/01/01","2018/03/01"
"青森県","青森市",290137,30411,10.5,"2017/01/01","2018/03/01"
"青森県","弘前市",175721,16878,9.6,"2017/01/01","2018/03/01"
"青森県","八戸市",234189,25380,10.8,"2017/01/01","2018/03/01"
"青森県","黒石市",34564,2443,7.1,"2017/01/01","2018/03/01"
"青森県","五所川原市",56575,5107,9.0,"2017/01/01","2018/03/01"
"青森県","十和田市",62958,6995,11.1,"2017/01/01","2018/03/01"
"青森県","三沢市",40480,4747,11.7,"2017/01/01","2018/03/01"
"青森県","むつ市",59944,5850,9.8,"2017/01/01","2018/03/01"
"青森県","つがる市",33833,3947,11.7,"2017/01/01","2018/03/01"
"青森県","平川市",32013,1992,6.2,"2017/01/01","2018/03/01"
"青森県","東津軽郡平内町",11468,1084,9.5,"2017/01/01","2018/03/01"
"青森県","東津軽郡今別町",2842,362,12.7,"2017/01/01","2018/03/01"
"青森県","東津軽郡蓬田村",2921,238,8.1,"2017/01/01","2018/03/01"
"青森県","東津軽郡外ヶ浜町",6451,573,8.9,"2017/01/01","2018/03/01"
"青森県","西津軽郡鰺ヶ沢町",10520,953,9.1,"2017/01/01","2018/03/01"
"青森県","西津軽郡深浦町",8724,647,7.4,"2017/01/01","2018/03/01"
"青森県","中津軽郡西目屋村",1378,105,7.6,"2017/01/01","2018/03/01"
"青森県","南津軽郡藤崎町",15306,880,5.7,"2017/01/01","2018/03/01"
"青森県","南津軽郡大鰐町",10060,835,8.3,"2017/01/01","2018/03/01"
"青森県","南津軽郡田舎館村",8050,519,6.4,"2017/01/01","2018/03/01"
"青森県","北津軽郡板柳町",14169,889,6.3,"2017/01/01","2018/03/01"
"青森県","北津軽郡鶴田町",13428,710,5.3,"2017/01/01","2018/03/01"
"青森県","北津軽郡中泊町",11665,690,5.9,"2017/01/01","2018/03/01"
"青森県","上北郡野辺地町",13755,1614,11.7,"2017/01/01","2018/03/01"
"青森県","上北郡七戸町",16291,1531,9.4,"2017/01/01","2018/03/01"
"青森県","上北郡六戸町",10988,1268,11.5,"2017/01/01","2018/03/01"
"青森県","上北郡横浜町",4719,613,13.0,"2017/01/01","2018/03/01"
"青森県","上北郡東北町",18249,1762,9.7,"2017/01/01","2018/03/01"
"青森県","上北郡六ヶ所村",10553,923,8.7,"2017/01/01","2018/03/01"
"青森県","上北郡おいらせ町",25379,2344,9.2,"2017/01/01","2018/03/01"
"青森県","下北郡大間町",5595,399,7.1,"2017/01/01","2018/03/01"
"青森県","下北郡東通村",6757,537,7.9,"2017/01/01","2018/03/01"
"青森県","下北郡風間浦村",2049,154,7.5,"2017/01/01","2018/03/01"
"青森県","三戸郡三戸町",10596,1054,9.9,"2017/01/01","2018/03/01"
"青森県","三戸郡五戸町",18011,1569,8.7,"2017/01/01","2018/03/01"
"青森県","三戸郡田子町",5842,503,8.6,"2017/01/01","2018/03/01"
"青森県","三戸郡南部町",18969,1365,7.2,"2017/01/01","2018/03/01"
"青森県","三戸郡階上町",13906,1394,10.0,"2017/01/01","2018/03/01"
"青森県","三戸郡新郷村",2652,242,9.1,"2017/01/01","2018/03/01"
"岩手県","盛岡市",292795,32142,11.0,"2017/01/01","2018/03/01"
"岩手県","宮古市",55150,6635,12.0,"2017/01/01","2018/03/01"
"岩手県","大船渡市",37891,3411,9.0,"2017/01/01","2018/03/01"
"岩手県","花巻市",98059,9110,9.3,"2017/01/01","2018/03/01"
"岩手県","北上市",93268,7293,7.8,"2017/01/01","2018/03/01"
"岩手県","久慈市",36141,2965,8.2,"2017/01/01","2018/03/01"
"岩手県","遠野市",28285,2630,9.3,"2017/01/01","2018/03/01"
"岩手県","一関市",121059,12065,10.0,"2017/01/01","2018/03/01"
"岩手県","陸前高田市",19871,1584,8.0,"2017/01/01","2018/03/01"
"岩手県","釜石市",35272,3206,9.1,"2017/01/01","2018/03/01"
"岩手県","二戸市",28034,2193,7.8,"2017/01/01","2018/03/01"
"岩手県","八幡平市",26679,2668,10.0,"2017/01/01","2018/03/01"
"岩手県","奥州市",120099,11016,9.2,"2017/01/01","2018/03/01"
"岩手県","滝沢市",55246,5906,10.7,"2017/01/01","2018/03/01"
"岩手県","岩手郡雫石町",17103,1513,8.8,"2017/01/01","2018/03/01"
"岩手県","岩手郡葛巻町",6486,1048,16.2,"2017/01/01","2018/03/01"
"岩手県","岩手郡岩手町",14047,1200,8.5,"2017/01/01","2018/03/01"
"岩手県","紫波郡紫波町",33495,3534,10.6,"2017/01/01","2018/03/01"
"岩手県","紫波郡矢巾町",27243,2494,9.2,"2017/01/01","2018/03/01"
"岩手県","和賀郡西和賀町",5992,333,5.6,"2017/01/01","2018/03/01"
"岩手県","胆沢郡金ケ崎町",15935,1378,8.6,"2017/01/01","2018/03/01"
"岩手県","西磐井郡平泉町",7886,728,9.2,"2017/01/01","2018/03/01"
"岩手県","気仙郡住田町",5842,789,13.5,"2017/01/01","2018/03/01"
"岩手県","上閉伊郡大槌町",12298,1065,8.7,"2017/01/01","2018/03/01"
"岩手県","下閉伊郡山田町",16191,1515,9.4,"2017/01/01","2018/03/01"
"岩手県","下閉伊郡岩泉町",9842,872,8.9,"2017/01/01","2018/03/01"
"岩手県","下閉伊郡田野畑村",3590,269,7.5,"2017/01/01","2018/03/01"
"岩手県","下閉伊郡普代村",2823,224,7.9,"2017/01/01","2018/03/01"
"岩手県","九戸郡軽米町",9583,861,9.0,"2017/01/01","2018/03/01"
"岩手県","九戸郡野田村",4397,399,9.1,"2017/01/01","2018/03/01"
"岩手県","九戸郡九戸村",6068,394,6.5,"2017/01/01","2018/03/01"
"岩手県","九戸郡洋野町",17515,1565,8.9,"2017/01/01","2018/03/01"
"岩手県","二戸郡一戸町",13086,953,7.3,"2017/01/01","2018/03/01"
"宮城県","仙台市",1058517,118112,11.2,"2017/01/01","2018/03/01"
"宮城県","石巻市",147627,12312,8.3,"2017/01/01","2018/03/01"
"宮城県","塩竈市",55233,6554,11.9,"2017/01/01","2018/03/01"
"宮城県","気仙沼市",65920,6243,9.5,"2017/01/01","2018/03/01"
"宮城県","白石市",35213,3508,10.0,"2017/01/01","2018/03/01"
"宮城県","名取市",77845,7525,9.7,"2017/01/01","2018/03/01"
"宮城県","角田市",30097,3341,11.1,"2017/01/01","2018/03/01"
"宮城県","多賀城市",62508,7118,11.4,"2017/01/01","2018/03/01"
"宮城県","岩沼市",44332,4175,9.4,"2017/01/01","2018/03/01"
"宮城県","登米市",82026,5632,6.9,"2017/01/01","2018/03/01"
"宮城県","栗原市",70530,6237,8.8,"2017/01/01","2018/03/01"
"宮城県","東松島市",40268,4803,11.9,"2017/01/01","2018/03/01"
"宮城県","大崎市",133226,12156,9.1,"2017/01/01","2018/03/01"
"宮城県","刈田郡蔵王町",12448,938,7.5,"2017/01/01","2018/03/01"
"宮城県","刈田郡七ヶ宿町",1502,213,14.2,"2017/01/01","2018/03/01"
"宮城県","柴田郡大河原町",23624,2322,9.8,"2017/01/01","2018/03/01"
"宮城県","柴田郡村田町",11412,983,8.6,"2017/01/01","2018/03/01"
"宮城県","柴田郡柴田町",38299,4135,10.8,"2017/01/01","2018/03/01"
"宮城県","柴田郡川崎町",9086,574,6.3,"2017/01/01","2018/03/01"
"宮城県","伊具郡丸森町",14244,1207,8.5,"2017/01/01","2018/03/01"
"宮城県","亘理郡亘理町",34026,3352,9.9,"2017/01/01","2018/03/01"
"宮城県","亘理郡山元町",12484,1173,9.4,"2017/01/01","2018/03/01"
"宮城県","宮城郡松島町",14663,1747,11.9,"2017/01/01","2018/03/01"
"宮城県","宮城郡七ヶ浜町",19196,1561,8.1,"2017/01/01","2018/03/01"
"宮城県","宮城郡利府町",36287,4268,11.8,"2017/01/01","2018/03/01"
"宮城県","黒川郡大和町",28686,2567,8.9,"2017/01/01","2018/03/01"
"宮城県","黒川郡大郷町",8380,489,5.8,"2017/01/01","2018/03/01"
"宮城県","黒川郡大衡村",5877,453,7.7,"2017/01/01","2018/03/01"
"宮城県","加美郡色麻町",7137,463,6.5,"2017/01/01","2018/03/01"
"宮城県","加美郡加美町",24212,1539,6.4,"2017/01/01","2018/03/01"
"宮城県","遠田郡涌谷町",16768,1121,6.7,"2017/01/01","2018/03/01"
"宮城県","遠田郡美里町",24975,2308,9.2,"2017/01/01","2018/03/01"
"宮城県","牡鹿郡女川町",6735,573,8.5,"2017/01/01","2018/03/01"
"宮城県","本吉郡南三陸町",13529,1186,8.8,"2017/01/01","2018/03/01"
"秋田県","秋田市",314869,31611,10.0,"2017/01/01","2018/03/01"
"秋田県","能代市",55248,4614,8.4,"2017/01/01","2018/03/01"
"秋田県","横手市",93243,7072,7.6,"2017/01/01","2018/03/01"
"秋田県","大館市",74705,6183,8.3,"2017/01/01","2018/03/01"
"秋田県","男鹿市",29046,2006,6.9,"2017/01/01","2018/03/01"
"秋田県","湯沢市",47083,3000,6.4,"2017/01/01","2018/03/01"
"秋田県","鹿角市",32199,2746,8.5,"2017/01/01","2018/03/01"
"秋田県","由利本荘市",79657,6038,7.6,"2017/01/01","2018/03/01"
"秋田県","潟上市",33486,2562,7.7,"2017/01/01","2018/03/01"
"秋田県","大仙市",84122,6210,7.4,"2017/01/01","2018/03/01"
"秋田県","北秋田市",33505,2447,7.3,"2017/01/01","2018/03/01"
"秋田県","にかほ市",25554,1718,6.7,"2017/01/01","2018/03/01"
"秋田県","仙北市",27533,2256,8.2,"2017/01/01","2018/03/01"
"秋田県","鹿角郡小坂町",5366,476,8.9,"2017/01/01","2018/03/01"
"秋田県","北秋田郡上小阿仁村",2444,195,8.0,"2017/01/01","2018/03/01"
"秋田県","山本郡藤里町",3501,322,9.2,"2017/01/01","2018/03/01"
"秋田県","山本郡三種町",17423,1181,6.8,"2017/01/01","2018/03/01"
"秋田県","山本郡八峰町",7525,442,5.9,"2017/01/01","2018/03/01"
"秋田県","南秋田郡五城目町",9776,695,7.1,"2017/01/01","2018/03/01"
"秋田県","南秋田郡八郎潟町",6114,451,7.4,"2017/01/01","2018/03/01"
"秋田県","南秋田郡井川町",4953,239,4.8,"2017/01/01","2018/03/01"
"秋田県","南秋田郡大潟村",3207,268,8.4,"2017/01/01","2018/03/01"
"秋田県","仙北郡美郷町",20311,1174,5.8,"2017/01/01","2018/03/01"
"秋田県","雄勝郡羽後町",15692,788,5.0,"2017/01/01","2018/03/01"
"秋田県","雄勝郡東成瀬村",2634,238,9.0,"2017/01/01","2018/03/01"
"山形県","山形市",249133,18812,7.6,"2017/01/01","2018/03/01"
"山形県","米沢市",82843,5455,6.6,"2017/01/01","2018/03/01"
"山形県","鶴岡市",130108,9512,7.3,"2017/01/01","2018/03/01"
"山形県","酒田市",105468,8668,8.2,"2017/01/01","2018/03/01"
"山形県","新庄市",36764,2813,7.7,"2017/01/01","2018/03/01"
"山形県","寒河江市",41661,3190,7.7,"2017/01/01","2018/03/01"
"山形県","村山市",25136,1788,7.1,"2017/01/01","2018/03/01"
"山形県","長井市",27554,2054,7.5,"2017/01/01","2018/03/01"
"山形県","天童市",62164,4524,7.3,"2017/01/01","2018/03/01"
"山形県","東根市",47728,3586,7.5,"2017/01/01","2018/03/01"
"山形県","尾花沢市",17009,1146,6.7,"2017/01/01","2018/03/01"
"山形県","南陽市",32183,2079,6.5,"2017/01/01","2018/03/01"
"山形県","東村山郡山辺町",14655,967,6.6,"2017/01/01","2018/03/01"
"山形県","東村山郡中山町",11608,855,7.4,"2017/01/01","2018/03/01"
"山形県","西村山郡河北町",19251,1545,8.0,"2017/01/01","2018/03/01"
"山形県","西村山郡西川町",5706,430,7.5,"2017/01/01","2018/03/01"
"山形県","西村山郡朝日町",7248,614,8.5,"2017/01/01","2018/03/01"
"山形県","西村山郡大江町",8583,820,9.6,"2017/01/01","2018/03/01"
"山形県","北村山郡大石田町",7407,574,7.7,"2017/01/01","2018/03/01"
"山形県","最上郡金山町",5827,375,6.4,"2017/01/01","2018/03/01"
"山形県","最上郡最上町",9014,645,7.2,"2017/01/01","2018/03/01"
"山形県","最上郡舟形町",5612,393,7.0,"2017/01/01","2018/03/01"
"山形県","最上郡真室川町",8177,578,7.1,"2017/01/01","2018/03/01"
"山形県","最上郡大蔵村",3436,316,9.2,"2017/01/01","2018/03/01"
"山形県","最上郡鮭川村",4408,289,6.6,"2017/01/01","2018/03/01"
"山形県","最上郡戸沢村",4846,367,7.6,"2017/01/01","2018/03/01"
"山形県","東置賜郡高畠町",24073,1432,5.9,"2017/01/01","2018/03/01"
"山形県","東置賜郡川西町",15817,1013,6.4,"2017/01/01","2018/03/01"
"山形県","西置賜郡小国町",8000,1451,18.1,"2017/01/01","2018/03/01"
"山形県","西置賜郡白鷹町",14351,939,6.5,"2017/01/01","2018/03/01"
"山形県","西置賜郡飯豊町",7436,759,10.2,"2017/01/01","2018/03/01"
"山形県","東田川郡三川町",7544,501,6.6,"2017/01/01","2018/03/01"
"山形県","東田川郡庄内町",21996,1480,6.7,"2017/01/01","2018/03/01"
"山形県","飽海郡遊佐町",14340,991,6.9,"2017/01/01","2018/03/01"
"福島県","福島市",283493,28821,10.2,"2017/01/01","2018/03/01"
"福島県","会津若松市",121567,11813,9.7,"2017/01/01","2018/03/01"
"福島県","郡山市",326851,30309,9.3,"2017/01/01","2018/03/01"
"福島県","いわき市",329938,27737,8.4,"2017/01/01","2018/03/01"
"福島県","白河市",62245,5943,9.5,"2017/01/01","2018/03/01"
"福島県","須賀川市",77638,6579,8.5,"2017/01/01","2018/03/01"
"福島県","喜多方市",49538,3759,7.6,"2017/01/01","2018/03/01"
"福島県","相馬市",35812,3485,9.7,"2017/01/01","2018/03/01"
"福島県","二本松市",56273,4519,8.0,"2017/01/01","2018/03/01"
"福島県","田村市",38280,4390,11.5,"2017/01/01","2018/03/01"
"福島県","南相馬市",62960,7385,11.7,"2017/01/01","2018/03/01"
"福島県","伊達市",62299,5063,8.1,"2017/01/01","2018/03/01"
"福島県","本宮市",30731,2217,7.2,"2017/01/01","2018/03/01"
"福島県","伊達郡桑折町",12217,790,6.5,"2017/01/01","2018/03/01"
"福島県","伊達郡国見町",9504,1020,10.7,"2017/01/01","2018/03/01"
"福島県","伊達郡川俣町",14123,1522,10.8,"2017/01/01","2018/03/01"
"福島県","安達郡大玉村",8572,536,6.3,"2017/01/01","2018/03/01"
"福島県","岩瀬郡鏡石町",12802,1032,8.1,"2017/01/01","2018/03/01"
"福島県","岩瀬郡天栄村",5893,367,6.2,"2017/01/01","2018/03/01"
"福島県","南会津郡下郷町",6036,438,7.3,"2017/01/01","2018/03/01"
"福島県","南会津郡檜枝岐村",584,119,20.4,"2017/01/01","2018/03/01"
"福島県","南会津郡只見町",4512,459,10.2,"2017/01/01","2018/03/01"
"福島県","南会津郡南会津町",16424,1622,9.9,"2017/01/01","2018/03/01"
"福島県","耶麻郡北塩原村",2913,242,8.3,"2017/01/01","2018/03/01"
"福島県","耶麻郡磐梯町",3596,349,9.7,"2017/01/01","2018/03/01"
"福島県","耶麻郡猪苗代町",14895,1480,9.9,"2017/01/01","2018/03/01"
"福島県","河沼郡会津坂下町",16538,1252,7.6,"2017/01/01","2018/03/01"
"福島県","河沼郡湯川村",3351,246,7.3,"2017/01/01","2018/03/01"
"福島県","河沼郡柳津町",3565,256,7.2,"2017/01/01","2018/03/01"
"福島県","大沼郡三島町",1720,155,9.0,"2017/01/01","2018/03/01"
"福島県","大沼郡金山町",2196,263,12.0,"2017/01/01","2018/03/01"
"福島県","大沼郡昭和村",1326,382,28.8,"2017/01/01","2018/03/01"
"福島県","大沼郡会津美里町",21132,1656,7.8,"2017/01/01","2018/03/01"
"福島県","西白河郡西郷村",20112,1787,8.9,"2017/01/01","2018/03/01"
"福島県","西白河郡泉崎村",6597,592,9.0,"2017/01/01","2018/03/01"
"福島県","西白河郡中島村",5206,378,7.3,"2017/01/01","2018/03/01"
"福島県","西白河郡矢吹町",17704,1341,7.6,"2017/01/01","2018/03/01"
"福島県","東白川郡棚倉町",14459,1245,8.6,"2017/01/01","2018/03/01"
"福島県","東白川郡矢祭町",6039,436,7.2,"2017/01/01","2018/03/01"
"福島県","東白川郡塙町",9210,656,7.1,"2017/01/01","2018/03/01"
"福島県","東白川郡鮫川村",3640,264,7.3,"2017/01/01","2018/03/01"
"福島県","石川郡石川町",15922,1103,6.9,"2017/01/01","2018/03/01"
"福島県","石川郡玉川村",6919,393,5.7,"2017/01/01","2018/03/01"
"福島県","石川郡平田村",6411,410,6.4,"2017/01/01","2018/03/01"
"福島県","石川郡浅川町",6622,466,7.0,"2017/01/01","2018/03/01"
"福島県","石川郡古殿町",5606,308,5.5,"2017/01/01","2018/03/01"
"福島県","田村郡三春町",17585,3588,20.4,"2017/01/01","2018/03/01"
"福島県","田村郡小野町",10589,1001,9.5,"2017/01/01","2018/03/01"
"福島県","双葉郡広野町",5033,500,9.9,"2017/01/01","2018/03/01"
"福島県","双葉郡楢葉町",7285,755,10.4,"2017/01/01","2018/03/01"
"福島県","双葉郡富岡町",13597,3250,23.9,"2017/01/01","2018/03/01"
"福島県","双葉郡川内村",2737,222,8.1,"2017/01/01","2018/03/01"
"福島県","双葉郡大熊町",10665,1824,17.1,"2017/01/01","2018/03/01"
"福島県","双葉郡双葉町",6169,817,13.2,"2017/01/01","2018/03/01"
"福島県","双葉郡浪江町",18495,1774,9.6,"2017/01/01","2018/03/01"
"福島県","双葉郡葛尾村",1474,137,9.3,"2017/01/01","2018/03/01"
"福島県","相馬郡新地町",8053,625,7.8,"2017/01/01","2018/03/01"
"福島県","相馬郡飯舘村",6128,319,5.2,"2017/01/01","2018/03/01"
"茨城県","水戸市",273231,28621,10.5,"2017/01/01","2018/03/01"
"茨城県","日立市",184574,24472,13.3,"2017/01/01","2018/03/01"
"茨城県","土浦市",143570,17396,12.1,"2017/01/01","2018/03/01"
"茨城県","古河市",144406,14579,10.1,"2017/01/01","2018/03/01"
"茨城県","石岡市",76768,8087,10.5,"2017/01/01","2018/03/01"
"茨城県","結城市",52598,4855,9.2,"2017/01/01","2018/03/01"
"茨城県","龍ケ崎市",78289,9128,11.7,"2017/01/01","2018/03/01"
"茨城県","下妻市",44467,3177,7.1,"2017/01/01","2018/03/01"
"茨城県","常総市",64185,6379,9.9,"2017/01/01","2018/03/01"
"茨城県","常陸太田市",53818,4814,8.9,"2017/01/01","2018/03/01"
"茨城県","高萩市",29649,3213,10.8,"2017/01/01","2018/03/01"
"茨城県","北茨城市",44858,4556,10.2,"2017/01/01","2018/03/01"
"茨城県","笠間市",77446,7656,9.9,"2017/01/01","2018/03/01"
"茨城県","取手市",108416,12653,11.7,"2017/01/01","2018/03/01"
"茨城県","牛久市",85022,10083,11.9,"2017/01/01","2018/03/01"
"茨城県","つくば市",227127,29112,12.8,"2017/01/01","2018/03/01"
"茨城県","ひたちなか市",159590,14312,9.0,"2017/01/01","2018/03/01"
"茨城県","鹿嶋市",68127,7201,10.6,"2017/01/01","2018/03/01"
"茨城県","守谷市",66251,8361,12.6,"2017/01/01","2018/03/01"
"茨城県","常陸大宮市",43467,3671,8.4,"2017/01/01","2018/03/01"
"茨城県","那珂市",55431,5354,9.7,"2017/01/01","2018/03/01"
"茨城県","筑西市",106874,9236,8.6,"2017/01/01","2018/03/01"
"茨城県","坂東市",55661,4222,7.6,"2017/01/01","2018/03/01"
"茨城県","稲敷市",42917,4499,10.5,"2017/01/01","2018/03/01"
"茨城県","かすみがうら市",42701,4406,10.3,"2017/01/01","2018/03/01"
"茨城県","桜川市",43643,2633,6.0,"2017/01/01","2018/03/01"
"茨城県","神栖市",94934,9975,10.5,"2017/01/01","2018/03/01"
"茨城県","行方市",36171,2881,8.0,"2017/01/01","2018/03/01"
"茨城県","鉾田市",50109,4334,8.6,"2017/01/01","2018/03/01"
"茨城県","つくばみらい市",50971,5872,11.5,"2017/01/01","2018/03/01"
"茨城県","小美玉市",52172,5543,10.6,"2017/01/01","2018/03/01"
"茨城県","東茨城郡茨城町",33257,3063,9.2,"2017/01/01","2018/03/01"
"茨城県","東茨城郡大洗町",17404,1669,9.6,"2017/01/01","2018/03/01"
"茨城県","東茨城郡城里町",20363,1311,6.4,"2017/01/01","2018/03/01"
"茨城県","那珂郡東海村",38363,3867,10.1,"2017/01/01","2018/03/01"
"茨城県","久慈郡大子町",18165,1692,9.3,"2017/01/01","2018/03/01"
"茨城県","稲敷郡美浦村",15963,1550,9.7,"2017/01/01","2018/03/01"
"茨城県","稲敷郡阿見町",47489,5078,10.7,"2017/01/01","2018/03/01"
"茨城県","稲敷郡河内町",9250,701,7.6,"2017/01/01","2018/03/01"
"茨城県","結城郡八千代町",22763,1633,7.2,"2017/01/01","2018/03/01"
"茨城県","猿島郡五霞町",8858,2784,31.4,"2017/01/01","2018/03/01"
"茨城県","猿島郡境町",25391,2370,9.3,"2017/01/01","2018/03/01"
"茨城県","北相馬郡利根町",16768,2311,13.8,"2017/01/01","2018/03/01"
"栃木県","宇都宮市",522262,54621,10.5,"2017/01/01","2018/03/01"
"栃木県","足利市",151248,13154,8.7,"2017/01/01","2018/03/01"
"栃木県","栃木市",162734,12784,7.9,"2017/01/01","2018/03/01"
"栃木県","佐野市",120437,10308,8.6,"2017/01/01","2018/03/01"
"栃木県","鹿沼市",99356,7898,7.9,"2017/01/01","2018/03/01"
"栃木県","日光市",84929,8574,10.1,"2017/01/01","2018/03/01"
"栃木県","小山市",166533,18158,10.9,"2017/01/01","2018/03/01"
"栃木県","真岡市",81057,5602,6.9,"2017/01/01","2018/03/01"
"栃木県","大田原市",72441,6329,8.7,"2017/01/01","2018/03/01"
"栃木県","矢板市",33430,2934,8.8,"2017/01/01","2018/03/01"
"栃木県","那須塩原市",118091,12342,10.5,"2017/01/01","2018/03/01"
"栃木県","さくら市",44359,3465,7.8,"2017/01/01","2018/03/01"
"栃木県","那須烏山市",27600,2041,7.4,"2017/01/01","2018/03/01"
"栃木県","下野市",60133,5944,9.9,"2017/01/01","2018/03/01"
"栃木県","河内郡上三川町",31440,2814,9.0,"2017/01/01","2018/03/01"
"栃木県","芳賀郡益子町",23779,1644,6.9,"2017/01/01","2018/03/01"
"栃木県","芳賀郡茂木町",13603,1095,8.0,"2017/01/01","2018/03/01"
"栃木県","芳賀郡市貝町",12016,1045,8.7,"2017/01/01","2018/03/01"
"栃木県","芳賀郡芳賀町",15899,1864,11.7,"2017/01/01","2018/03/01"
"栃木県","下都賀郡壬生町",39807,3759,9.4,"2017/01/01","2018/03/01"
"栃木県","下都賀郡野木町",25775,3158,12.3,"2017/01/01","2018/03/01"
"栃木県","塩谷郡塩谷町",11795,685,5.8,"2017/01/01","2018/03/01"
"栃木県","塩谷郡高根沢町",29732,3188,10.7,"2017/01/01","2018/03/01"
"栃木県","那須郡那須町",25946,3407,13.1,"2017/01/01","2018/03/01"
"栃木県","那須郡那珂川町",17195,1416,8.2,"2017/01/01","2018/03/01"
"群馬県","前橋市",338916,32771,9.7,"2017/01/01","2018/03/01"
"群馬県","高崎市",375255,31708,8.4,"2017/01/01","2018/03/01"
"群馬県","伊勢崎市",212046,23746,11.2,"2017/01/01","2018/03/01"
"群馬県","太田市",223665,16959,7.6,"2017/01/01","2018/03/01"
"群馬県","沼田市",49686,4166,8.4,"2017/01/01","2018/03/01"
"群馬県","館林市",77236,7702,10.0,"2017/01/01","2018/03/01"
"群馬県","渋川市",79949,5529,6.9,"2017/01/01","2018/03/01"
"群馬県","藤岡市",66736,4918,7.4,"2017/01/01","2018/03/01"
"群馬県","富岡市",49863,3841,7.7,"2017/01/01","2018/03/01"
"群馬県","安中市",59601,4680,7.9,"2017/01/01","2018/03/01"
"群馬県","みどり市",51689,4033,7.8,"2017/01/01","2018/03/01"
"群馬県","北群馬郡榛東村",14665,1109,7.6,"2017/01/01","2018/03/01"
"群馬県","北群馬郡吉岡町",20997,1211,5.8,"2017/01/01","2018/03/01"
"群馬県","多野郡上野村",1278,122,9.5,"2017/01/01","2018/03/01"
"群馬県","多野郡神流町",2020,312,15.4,"2017/01/01","2018/03/01"
"群馬県","甘楽郡下仁田町",7895,770,9.8,"2017/01/01","2018/03/01"
"群馬県","甘楽郡南牧村",2025,141,7.0,"2017/01/01","2018/03/01"
"群馬県","甘楽郡甘楽町",13413,824,6.1,"2017/01/01","2018/03/01"
"群馬県","吾妻郡中之条町",16781,1592,9.5,"2017/01/01","2018/03/01"
"群馬県","吾妻郡長野原町",5774,555,9.6,"2017/01/01","2018/03/01"
"群馬県","吾妻郡嬬恋村",9799,753,7.7,"2017/01/01","2018/03/01"
"群馬県","吾妻郡草津町",6595,844,12.8,"2017/01/01","2018/03/01"
"群馬県","吾妻郡高山村",3730,243,6.5,"2017/01/01","2018/03/01"
"群馬県","吾妻郡東吾妻町",14542,1557,10.7,"2017/01/01","2018/03/01"
"群馬県","利根郡片品村",4629,380,8.2,"2017/01/01","2018/03/01"
"群馬県","利根郡川場村",3356,260,7.7,"2017/01/01","2018/03/01"
"群馬県","利根郡昭和村",7524,452,6.0,"2017/01/01","2018/03/01"
"群馬県","利根郡みなかみ町",19834,1638,8.3,"2017/01/01","2018/03/01"
"群馬県","佐波郡玉村町",36796,2708,7.4,"2017/01/01","2018/03/01"
"群馬県","邑楽郡板倉町",15031,1261,8.4,"2017/01/01","2018/03/01"
"群馬県","邑楽郡明和町",11463,945,8.2,"2017/01/01","2018/03/01"
"群馬県","邑楽郡千代田町",11590,1016,8.8,"2017/01/01","2018/03/01"
"群馬県","邑楽郡大泉町",41568,3903,9.4,"2017/01/01","2018/03/01"
"群馬県","邑楽郡邑楽町",26888,2128,7.9,"2017/01/01","2018/03/01"
"埼玉県","さいたま市",1281414,135762,10.6,"2017/01/01","2018/03/01"
"埼玉県","川越市",351654,39691,11.3,"2017/01/01","2018/03/01"
"埼玉県","熊谷市",199718,18619,9.3,"2017/01/01","2018/03/01"
"埼玉県","川口市",595495,58506,9.8,"2017/01/01","2018/03/01"
"埼玉県","行田市",82836,8039,9.7,"2017/01/01","2018/03/01"
"埼玉県","秩父市",64540,4917,7.6,"2017/01/01","2018/03/01"
"埼玉県","所沢市",343993,39723,11.5,"2017/01/01","2018/03/01"
"埼玉県","飯能市",80293,7900,9.8,"2017/01/01","2018/03/01"
"埼玉県","加須市",113917,11062,9.7,"2017/01/01","2018/03/01"
"埼玉県","本庄市",78989,7656,9.7,"2017/01/01","2018/03/01"
"埼玉県","東松山市",89953,9579,10.6,"2017/01/01","2018/03/01"
"埼玉県","春日部市",236466,28907,12.2,"2017/01/01","2018/03/01"
"埼玉県","狭山市",153054,17438,11.4,"2017/01/01","2018/03/01"
"埼玉県","羽生市",55441,5136,9.3,"2017/01/01","2018/03/01"
"埼玉県","鴻巣市",119041,13968,11.7,"2017/01/01","2018/03/01"
"埼玉県","深谷市",144696,12315,8.5,"2017/01/01","2018/03/01"
"埼玉県","上尾市",228092,26314,11.5,"2017/01/01","2018/03/01"
"埼玉県","草加市",247040,29070,11.8,"2017/01/01","2018/03/01"
"埼玉県","越谷市",339156,39097,11.5,"2017/01/01","2018/03/01"
"埼玉県","蕨市",73900,8436,11.4,"2017/01/01","2018/03/01"
"埼玉県","入間市",149124,14692,9.9,"2017/01/01","2018/03/01"
"埼玉県","朝霞市",136910,16741,12.2,"2017/01/01","2018/03/01"
"埼玉県","志木市",75421,9137,12.1,"2017/01/01","2018/03/01"
"埼玉県","和光市",81368,10200,12.5,"2017/01/01","2018/03/01"
"埼玉県","新座市",164767,18255,11.1,"2017/01/01","2018/03/01"
"埼玉県","桶川市",75266,7286,9.7,"2017/01/01","2018/03/01"
"埼玉県","久喜市",154241,17023,11.0,"2017/01/01","2018/03/01"
"埼玉県","北本市",67593,6692,9.9,"2017/01/01","2018/03/01"
"埼玉県","八潮市",87109,9440,10.8,"2017/01/01","2018/03/01"
"埼玉県","富士見市",110398,11841,10.7,"2017/01/01","2018/03/01"
"埼玉県","三郷市",139164,13539,9.7,"2017/01/01","2018/03/01"
"埼玉県","蓮田市",62347,7638,12.3,"2017/01/01","2018/03/01"
"埼玉県","坂戸市",101545,10853,10.7,"2017/01/01","2018/03/01"
"埼玉県","幸手市",52401,5620,10.7,"2017/01/01","2018/03/01"
"埼玉県","鶴ヶ島市",70061,8057,11.5,"2017/01/01","2018/03/01"
"埼玉県","日高市",56600,6240,11.0,"2017/01/01","2018/03/01"
"埼玉県","吉川市",71584,6727,9.4,"2017/01/01","2018/03/01"
"埼玉県","ふじみ野市",113553,13952,12.3,"2017/01/01","2018/03/01"
"埼玉県","白岡市",52257,5293,10.1,"2017/01/01","2018/03/01"
"埼玉県","北足立郡伊奈町",44501,3778,8.5,"2017/01/01","2018/03/01"
"埼玉県","入間郡三芳町",38243,3867,10.1,"2017/01/01","2018/03/01"
"埼玉県","入間郡毛呂山町",34690,4056,11.7,"2017/01/01","2018/03/01"
"埼玉県","入間郡越生町",11904,1574,13.2,"2017/01/01","2018/03/01"
"埼玉県","比企郡滑川町",18286,1663,9.1,"2017/01/01","2018/03/01"
"埼玉県","比企郡嵐山町",18052,1882,10.4,"2017/01/01","2018/03/01"
"埼玉県","比企郡小川町",31199,3552,11.4,"2017/01/01","2018/03/01"
"埼玉県","比企郡川島町",20744,1824,8.8,"2017/01/01","2018/03/01"
"埼玉県","比企郡吉見町",19745,1587,8.0,"2017/01/01","2018/03/01"
"埼玉県","比企郡鳩山町",14165,1792,12.7,"2017/01/01","2018/03/01"
"埼玉県","比企郡ときがわ町",11640,950,8.2,"2017/01/01","2018/03/01"
"埼玉県","秩父郡横瀬町",8518,835,9.8,"2017/01/01","2018/03/01"
"埼玉県","秩父郡皆野町",10077,894,8.9,"2017/01/01","2018/03/01"
"埼玉県","秩父郡長瀞町",7362,525,7.1,"2017/01/01","2018/03/01"
"埼玉県","秩父郡小鹿野町",12220,1067,8.7,"2017/01/01","2018/03/01"
"埼玉県","秩父郡東秩父村",2993,229,7.7,"2017/01/01","2018/03/01"
"埼玉県","児玉郡美里町",11319,750,6.6,"2017/01/01","2018/03/01"
"埼玉県","児玉郡神川町",13943,1083,7.8,"2017/01/01","2018/03/01"
"埼玉県","児玉郡上里町",31259,2828,9.0,"2017/01/01","2018/03/01"
"埼玉県","大里郡寄居町",34465,3160,9.2,"2017/01/01","2018/03/01"
"埼玉県","南埼玉郡宮代町",33780,3759,11.1,"2017/01/01","2018/03/01"
"埼玉県","北葛飾郡杉戸町",45883,5322,11.6,"2017/01/01","2018/03/01"
"埼玉県","北葛飾郡松伏町",30102,2707,9.0,"2017/01/01","2018/03/01"
"千葉県","千葉市",965607,132348,13.7,"2017/01/01","2018/03/01"
"千葉県","銚子市",64355,7426,11.5,"2017/01/01","2018/03/01"
"千葉県","市川市",480744,62131,12.9,"2017/01/01","2018/03/01"
"千葉県","船橋市",630937,74842,11.9,"2017/01/01","2018/03/01"
"千葉県","館山市",47976,5973,12.4,"2017/01/01","2018/03/01"
"千葉県","木更津市",134646,18022,13.4,"2017/01/01","2018/03/01"
"千葉県","松戸市",492199,56736,11.5,"2017/01/01","2018/03/01"
"千葉県","野田市",155050,15924,10.3,"2017/01/01","2018/03/01"
"千葉県","茂原市",90949,9459,10.4,"2017/01/01","2018/03/01"
"千葉県","成田市",132334,15654,11.8,"2017/01/01","2018/03/01"
"千葉県","東金市",60124,7317,12.2,"2017/01/01","2018/03/01"
"千葉県","旭市",67267,5493,8.2,"2017/01/01","2018/03/01"
"千葉県","習志野市",171861,21659,12.6,"2017/01/01","2018/03/01"
"千葉県","柏市",412690,47549,11.5,"2017/01/01","2018/03/01"
"千葉県","勝浦市",18514,2204,11.9,"2017/01/01","2018/03/01"
"千葉県","市原市",279093,31866,11.4,"2017/01/01","2018/03/01"
"千葉県","流山市",180637,20817,11.5,"2017/01/01","2018/03/01"
"千葉県","八千代市",195933,25683,13.1,"2017/01/01","2018/03/01"
"千葉県","我孫子市",132619,17348,13.1,"2017/01/01","2018/03/01"
"千葉県","鴨川市",33984,4027,11.8,"2017/01/01","2018/03/01"
"千葉県","鎌ケ谷市",109480,13593,12.4,"2017/01/01","2018/03/01"
"千葉県","君津市",86552,10484,12.1,"2017/01/01","2018/03/01"
"千葉県","富津市",45972,4219,9.2,"2017/01/01","2018/03/01"
"千葉県","浦安市",166551,22958,13.8,"2017/01/01","2018/03/01"
"千葉県","四街道市",92337,12546,13.6,"2017/01/01","2018/03/01"
"千葉県","袖ケ浦市",62306,6652,10.7,"2017/01/01","2018/03/01"
"千葉県","八街市",72006,8598,11.9,"2017/01/01","2018/03/01"
"千葉県","印西市",97263,10777,11.1,"2017/01/01","2018/03/01"
"千葉県","白井市",63345,7588,12.0,"2017/01/01","2018/03/01"
"千葉県","富里市",50127,5712,11.4,"2017/01/01","2018/03/01"
"千葉県","南房総市",39733,4728,11.9,"2017/01/01","2018/03/01"
"千葉県","匝瑳市",37709,3358,8.9,"2017/01/01","2018/03/01"
"千葉県","香取市",78982,7876,10.0,"2017/01/01","2018/03/01"
"千葉県","山武市",53435,5590,10.5,"2017/01/01","2018/03/01"
"千葉県","いすみ市",39360,4224,10.7,"2017/01/01","2018/03/01"
"千葉県","大網白里市",50192,6618,13.2,"2017/01/01","2018/03/01"
"千葉県","印旛郡酒々井町",21120,2695,12.8,"2017/01/01","2018/03/01"
"千葉県","印旛郡栄町",21269,3033,14.3,"2017/01/01","2018/03/01"
"千葉県","香取郡神崎町",6256,765,12.2,"2017/01/01","2018/03/01"
"千葉県","香取郡多古町",15046,1259,8.4,"2017/01/01","2018/03/01"
"千葉県","香取郡東庄町",14457,1063,7.4,"2017/01/01","2018/03/01"
"千葉県","山武郡九十九里町",16737,1575,9.4,"2017/01/01","2018/03/01"
"千葉県","山武郡芝山町",7507,872,11.6,"2017/01/01","2018/03/01"
"千葉県","山武郡横芝光町",24465,2323,9.5,"2017/01/01","2018/03/01"
"千葉県","長生郡一宮町",12416,1194,9.6,"2017/01/01","2018/03/01"
"千葉県","長生郡睦沢町",7245,660,9.1,"2017/01/01","2018/03/01"
"千葉県","長生郡長生村",14646,1487,10.2,"2017/01/01","2018/03/01"
"千葉県","長生郡白子町",11675,1091,9.3,"2017/01/01","2018/03/01"
"千葉県","長生郡長柄町",7254,750,10.3,"2017/01/01","2018/03/01"
"千葉県","長生郡長南町",8389,811,9.7,"2017/01/01","2018/03/01"
"千葉県","夷隅郡大多喜町",9561,818,8.6,"2017/01/01","2018/03/01"
"千葉県","夷隅郡御宿町",7713,1223,15.9,"2017/01/01","2018/03/01"
"千葉県","安房郡鋸南町",8233,1026,12.5,"2017/01/01","2018/03/01"
"東京都","千代田区",59788,9219,15.4,"2017/01/01","2018/03/01"
"東京都","中央区",149640,26314,17.6,"2017/01/01","2018/03/01"
"東京都","港区",249242,44614,17.9,"2017/01/01","2018/03/01"
"東京都","新宿区",338488,47385,14.0,"2017/01/01","2018/03/01"
"東京都","文京区",213969,29874,14.0,"2017/01/01","2018/03/01"
"東京都","台東区",193822,33652,17.4,"2017/01/01","2018/03/01"
"東京都","墨田区",265238,34374,13.0,"2017/01/01","2018/03/01"
"東京都","江東区",506511,74389,14.7,"2017/01/01","2018/03/01"
"東京都","品川区",382761,53143,13.9,"2017/01/01","2018/03/01"
"東京都","大田区",717295,94694,13.2,"2017/01/01","2018/03/01"
"東京都","世田谷区",892535,117497,13.2,"2017/01/01","2018/03/01"
"東京都","渋谷区",222278,32865,14.8,"2017/01/01","2018/03/01"
"東京都","中野区",325460,44332,13.6,"2017/01/01","2018/03/01"
"東京都","杉並区",558950,83717,15.0,"2017/01/01","2018/03/01"
"東京都","豊島区",284307,43538,15.3,"2017/01/01","2018/03/01"
"東京都","北区",345149,45655,13.2,"2017/01/01","2018/03/01"
"東京都","荒川区",213113,26430,12.4,"2017/01/01","2018/03/01"
"東京都","板橋区",557309,82694,14.8,"2017/01/01","2018/03/01"
"東京都","練馬区",723711,113921,15.7,"2017/01/01","2018/03/01"
"東京都","足立区",681281,77203,11.3,"2017/01/01","2018/03/01"
"東京都","葛飾区",456893,58913,12.9,"2017/01/01","2018/03/01"
"東京都","江戸川区",691514,92288,13.3,"2017/01/01","2018/03/01"
"東京都","八王子市",563228,73047,13.0,"2017/01/01","2018/03/01"
"東京都","立川市",181554,21278,11.7,"2017/01/01","2018/03/01"
"東京都","武蔵野市",143964,18756,13.0,"2017/01/01","2018/03/01"
"東京都","三鷹市",185101,25293,13.7,"2017/01/01","2018/03/01"
"東京都","青梅市",135986,24438,18.0,"2017/01/01","2018/03/01"
"東京都","府中市",258000,31259,12.1,"2017/01/01","2018/03/01"
"東京都","昭島市",112789,13435,11.9,"2017/01/01","2018/03/01"
"東京都","調布市",229886,26355,11.5,"2017/01/01","2018/03/01"
"東京都","町田市",428572,54582,12.7,"2017/01/01","2018/03/01"
"東京都","小金井市",119359,16291,13.6,"2017/01/01","2018/03/01"
"東京都","小平市",189885,22845,12.0,"2017/01/01","2018/03/01"
"東京都","日野市",183589,31845,17.3,"2017/01/01","2018/03/01"
"東京都","東村山市",150739,17590,11.7,"2017/01/01","2018/03/01"
"東京都","国分寺市",120656,18105,15.0,"2017/01/01","2018/03/01"
"東京都","国立市",75452,9430,12.5,"2017/01/01","2018/03/01"
"東京都","福生市",58554,6817,11.6,"2017/01/01","2018/03/01"
"東京都","狛江市",80807,11048,13.7,"2017/01/01","2018/03/01"
"東京都","東大和市",85945,11841,13.8,"2017/01/01","2018/03/01"
"東京都","清瀬市",74510,10373,13.9,"2017/01/01","2018/03/01"
"東京都","東久留米市",116867,18454,15.8,"2017/01/01","2018/03/01"
"東京都","武蔵村山市",72238,7642,10.6,"2017/01/01","2018/03/01"
"東京都","多摩市",148293,17547,11.8,"2017/01/01","2018/03/01"
"東京都","稲城市",89089,10784,12.1,"2017/01/01","2018/03/01"
"東京都","羽村市",56244,6397,11.4,"2017/01/01","2018/03/01"
"東京都","あきる野市",81403,8777,10.8,"2017/01/01","2018/03/01"
"東京都","西東京市",199790,29048,14.5,"2017/01/01","2018/03/01"
"東京都","西多摩郡瑞穂町",33716,2760,8.2,"2017/01/01","2018/03/01"
"東京都","西多摩郡日の出町",17015,1703,10.0,"2017/01/01","2018/03/01"
"東京都","西多摩郡檜原村",2283,233,10.2,"2017/01/01","2018/03/01"
"東京都","西多摩郡奥多摩町",5270,481,9.1,"2017/01/01","2018/03/01"
"東京都","大島町",8015,554,6.9,"2017/01/01","2018/03/01"
"東京都","利島村",315,22,7.0,"2017/01/01","2018/03/01"
"東京都","新島村",2753,296,10.8,"2017/01/01","2018/03/01"
"東京都","神津島村",1878,119,6.3,"2017/01/01","2018/03/01"
"東京都","三宅島　三宅村",2583,324,12.5,"2017/01/01","2018/03/01"
"東京都","御蔵島村",303,40,13.2,"2017/01/01","2018/03/01"
"東京都","八丈島　八丈町",7706,851,11.0,"2017/01/01","2018/03/01"
"東京都","青ヶ島村",160,17,10.6,"2017/01/01","2018/03/01"
"東京都","小笠原村",2594,365,14.1,"2017/01/01","2018/03/01"
"神奈川県","川崎市",1474167,198381,13.5,"2017/01/01","2018/03/01"
"神奈川県","相模原市",716981,93302,13.0,"2017/01/01","2018/03/01"
"神奈川県","横須賀市",412026,56024,13.6,"2017/01/01","2018/03/01"
"神奈川県","平塚市",257373,33633,13.1,"2017/01/01","2018/03/01"
"神奈川県","鎌倉市",176393,27105,15.4,"2017/01/01","2018/03/01"
"神奈川県","藤沢市",428612,58306,13.6,"2017/01/01","2018/03/01"
"神奈川県","小田原市",193803,24454,12.6,"2017/01/01","2018/03/01"
"神奈川県","茅ヶ崎市",241979,33368,13.8,"2017/01/01","2018/03/01"
"神奈川県","逗子市",60154,9054,15.1,"2017/01/01","2018/03/01"
"神奈川県","三浦市",45174,4735,10.5,"2017/01/01","2018/03/01"
"神奈川県","秦野市",162809,20940,12.9,"2017/01/01","2018/03/01"
"神奈川県","厚木市",225366,28801,12.8,"2017/01/01","2018/03/01"
"神奈川県","大和市",235434,33877,14.4,"2017/01/01","2018/03/01"
"神奈川県","伊勢原市",100187,12854,12.8,"2017/01/01","2018/03/01"
"神奈川県","海老名市",131061,17460,13.3,"2017/01/01","2018/03/01"
"神奈川県","座間市",130088,18029,13.9,"2017/01/01","2018/03/01"
"神奈川県","南足柄市",43348,5344,12.3,"2017/01/01","2018/03/01"
"神奈川県","綾瀬市",85180,11893,14.0,"2017/01/01","2018/03/01"
"神奈川県","三浦郡葉山町",33431,4944,14.8,"2017/01/01","2018/03/01"
"神奈川県","高座郡寒川町",48372,6104,12.6,"2017/01/01","2018/03/01"
"神奈川県","中郡大磯町",33045,3974,12.0,"2017/01/01","2018/03/01"
"神奈川県","中郡二宮町",29087,3627,12.5,"2017/01/01","2018/03/01"
"神奈川県","足柄上郡中井町",9630,1267,13.2,"2017/01/01","2018/03/01"
"神奈川県","足柄上郡大井町",17171,1902,11.1,"2017/01/01","2018/03/01"
"神奈川県","足柄上郡松田町",11318,1415,12.5,"2017/01/01","2018/03/01"
"神奈川県","足柄上郡山北町",10842,1419,13.1,"2017/01/01","2018/03/01"
"神奈川県","足柄上郡開成町",17273,1963,11.4,"2017/01/01","2018/03/01"
"神奈川県","足柄下郡箱根町",12017,1795,14.9,"2017/01/01","2018/03/01"
"神奈川県","足柄下郡真鶴町",7548,981,13.0,"2017/01/01","2018/03/01"
"神奈川県","足柄下郡湯河原町",25683,3660,14.3,"2017/01/01","2018/03/01"
"神奈川県","愛甲郡愛川町",40955,5633,13.8,"2017/01/01","2018/03/01"
"神奈川県","愛甲郡清川村",3039,449,14.8,"2017/01/01","2018/03/01"
"新潟県","新潟市",800112,54679,6.8,"2017/01/01","2018/03/01"
"新潟県","長岡市",274977,21964,8.0,"2017/01/01","2018/03/01"
"新潟県","三条市",100069,8600,8.6,"2017/01/01","2018/03/01"
"新潟県","柏崎市",86359,8684,10.1,"2017/01/01","2018/03/01"
"新潟県","新発田市",99700,8332,8.4,"2017/01/01","2018/03/01"
"新潟県","小千谷市",36666,3448,9.4,"2017/01/01","2018/03/01"
"新潟県","加茂市",28223,1692,6.0,"2017/01/01","2018/03/01"
"新潟県","十日町市",55251,3995,7.2,"2017/01/01","2018/03/01"
"新潟県","見附市",41190,4074,9.9,"2017/01/01","2018/03/01"
"新潟県","村上市",62638,5120,8.2,"2017/01/01","2018/03/01"
"新潟県","燕市",81192,4966,6.1,"2017/01/01","2018/03/01"
"新潟県","糸魚川市",44418,4596,10.3,"2017/01/01","2018/03/01"
"新潟県","妙高市",33577,2899,8.6,"2017/01/01","2018/03/01"
"新潟県","五泉市",52026,3372,6.5,"2017/01/01","2018/03/01"
"新潟県","上越市",196959,14785,7.5,"2017/01/01","2018/03/01"
"新潟県","阿賀野市",43691,3644,8.3,"2017/01/01","2018/03/01"
"新潟県","佐渡市",57470,5225,9.1,"2017/01/01","2018/03/01"
"新潟県","魚沼市",37503,3496,9.3,"2017/01/01","2018/03/01"
"新潟県","南魚沼市",58303,6028,10.3,"2017/01/01","2018/03/01"
"新潟県","胎内市",30274,2014,6.7,"2017/01/01","2018/03/01"
"新潟県","西蒲原郡弥彦村",8328,534,6.4,"2017/01/01","2018/03/01"
"新潟県","南蒲原郡田上町",12146,596,4.9,"2017/01/01","2018/03/01"
"新潟県","東蒲原郡阿賀町",11782,815,6.9,"2017/01/01","2018/03/01"
"新潟県","三島郡出雲崎町",4592,399,8.7,"2017/01/01","2018/03/01"
"新潟県","南魚沼郡湯沢町",8182,994,12.1,"2017/01/01","2018/03/01"
"新潟県","中魚沼郡津南町",10059,702,7.0,"2017/01/01","2018/03/01"
"新潟県","刈羽郡刈羽村",4715,459,9.7,"2017/01/01","2018/03/01"
"新潟県","岩船郡関川村",5904,405,6.9,"2017/01/01","2018/03/01"
"新潟県","岩船郡粟島浦村",353,175,49.6,"2017/01/01","2018/03/01"
"富山県","富山市",418304,36838,8.8,"2017/01/01","2018/03/01"
"富山県","高岡市",174275,18822,10.8,"2017/01/01","2018/03/01"
"富山県","魚津市",42706,3442,8.1,"2017/01/01","2018/03/01"
"富山県","氷見市",49105,6707,13.7,"2017/01/01","2018/03/01"
"富山県","滑川市",33411,2799,8.4,"2017/01/01","2018/03/01"
"富山県","黒部市",41802,4073,9.7,"2017/01/01","2018/03/01"
"富山県","砺波市",49095,4153,8.5,"2017/01/01","2018/03/01"
"富山県","小矢部市",30746,2505,8.1,"2017/01/01","2018/03/01"
"富山県","南砺市",52472,5749,11.0,"2017/01/01","2018/03/01"
"富山県","射水市",93934,9019,9.6,"2017/01/01","2018/03/01"
"富山県","中新川郡舟橋村",3010,233,7.7,"2017/01/01","2018/03/01"
"富山県","中新川郡上市町",21275,1654,7.8,"2017/01/01","2018/03/01"
"富山県","中新川郡立山町",26575,2190,8.2,"2017/01/01","2018/03/01"
"富山県","下新川郡入善町",25498,2197,8.6,"2017/01/01","2018/03/01"
"富山県","下新川郡朝日町",12497,1131,9.1,"2017/01/01","2018/03/01"
"石川県","金沢市",454497,37874,8.3,"2017/01/01","2018/03/01"
"石川県","七尾市",54561,4125,7.6,"2017/01/01","2018/03/01"
"石川県","小松市",108655,11345,10.4,"2017/01/01","2018/03/01"
"石川県","輪島市",28273,1820,6.4,"2017/01/01","2018/03/01"
"石川県","珠洲市",15219,1129,7.4,"2017/01/01","2018/03/01"
"石川県","加賀市",68699,5568,8.1,"2017/01/01","2018/03/01"
"石川県","羽咋市",22401,1992,8.9,"2017/01/01","2018/03/01"
"石川県","かほく市",35062,2491,7.1,"2017/01/01","2018/03/01"
"石川県","白山市",113018,8890,7.9,"2017/01/01","2018/03/01"
"石川県","能美市",49993,4150,8.3,"2017/01/01","2018/03/01"
"石川県","野々市市",51821,4217,8.1,"2017/01/01","2018/03/01"
"石川県","能美郡川北町",6297,425,6.7,"2017/01/01","2018/03/01"
"石川県","河北郡津幡町",37791,3199,8.5,"2017/01/01","2018/03/01"
"石川県","河北郡内灘町",26979,2363,8.8,"2017/01/01","2018/03/01"
"石川県","羽咋郡志賀町",21247,1662,7.8,"2017/01/01","2018/03/01"
"石川県","羽咋郡宝達志水町",13629,1152,8.5,"2017/01/01","2018/03/01"
"石川県","鹿島郡中能登町",18475,1472,8.0,"2017/01/01","2018/03/01"
"石川県","鳳珠郡穴水町",8723,658,7.5,"2017/01/01","2018/03/01"
"石川県","鳳珠郡能登町",18287,1437,7.9,"2017/01/01","2018/03/01"
"福井県","福井市",265796,19046,7.2,"2017/01/01","2018/03/01"
"福井県","敦賀市",66905,3954,5.9,"2017/01/01","2018/03/01"
"福井県","小浜市",30076,2066,6.9,"2017/01/01","2018/03/01"
"福井県","大野市",34363,2629,7.7,"2017/01/01","2018/03/01"
"福井県","勝山市",24145,2278,9.4,"2017/01/01","2018/03/01"
"福井県","鯖江市",69135,4458,6.4,"2017/01/01","2018/03/01"
"福井県","あわら市",28805,2193,7.6,"2017/01/01","2018/03/01"
"福井県","越前市",82947,6449,7.8,"2017/01/01","2018/03/01"
"福井県","坂井市",92760,6807,7.3,"2017/01/01","2018/03/01"
"福井県","今立郡池田町",2714,216,8.0,"2017/01/01","2018/03/01"
"福井県","南条郡南越前町",11017,1035,9.4,"2017/01/01","2018/03/01"
"福井県","丹生郡越前町",22390,1508,6.7,"2017/01/01","2018/03/01"
"福井県","三方郡美浜町",9867,810,8.2,"2017/01/01","2018/03/01"
"福井県","大飯郡高浜町",10682,756,7.1,"2017/01/01","2018/03/01"
"福井県","大飯郡おおい町",8367,665,7.9,"2017/01/01","2018/03/01"
"福井県","三方上中郡若狭町",15466,920,5.9,"2017/01/01","2018/03/01"
"山梨県","甲府市",191673,16888,8.8,"2017/01/01","2018/03/01"
"山梨県","富士吉田市",50046,4998,10.0,"2017/01/01","2018/03/01"
"山梨県","都留市",31081,2378,7.7,"2017/01/01","2018/03/01"
"山梨県","山梨市",35871,2798,7.8,"2017/01/01","2018/03/01"
"山梨県","大月市",25483,2639,10.4,"2017/01/01","2018/03/01"
"山梨県","韮崎市",30298,2136,7.0,"2017/01/01","2018/03/01"
"山梨県","南アルプス市",72236,5166,7.2,"2017/01/01","2018/03/01"
"山梨県","北杜市",47780,5013,10.5,"2017/01/01","2018/03/01"
"山梨県","甲斐市",75373,6350,8.4,"2017/01/01","2018/03/01"
"山梨県","笛吹市",70421,5467,7.8,"2017/01/01","2018/03/01"
"山梨県","上野原市",24154,2089,8.6,"2017/01/01","2018/03/01"
"山梨県","甲州市",32886,3282,10.0,"2017/01/01","2018/03/01"
"山梨県","中央市",30966,3688,11.9,"2017/01/01","2018/03/01"
"山梨県","西八代郡市川三郷町",16366,1114,6.8,"2017/01/01","2018/03/01"
"山梨県","南巨摩郡早川町",1121,139,12.4,"2017/01/01","2018/03/01"
"山梨県","南巨摩郡身延町",12738,1682,13.2,"2017/01/01","2018/03/01"
"山梨県","南巨摩郡南部町",8195,789,9.6,"2017/01/01","2018/03/01"
"山梨県","南巨摩郡富士川町",15668,1199,7.7,"2017/01/01","2018/03/01"
"山梨県","中巨摩郡昭和町",19728,1471,7.5,"2017/01/01","2018/03/01"
"山梨県","南都留郡道志村",1758,146,8.3,"2017/01/01","2018/03/01"
"山梨県","南都留郡西桂町",4460,356,8.0,"2017/01/01","2018/03/01"
"山梨県","南都留郡忍野村",9503,1054,11.1,"2017/01/01","2018/03/01"
"山梨県","南都留郡山中湖村",5846,563,9.6,"2017/01/01","2018/03/01"
"山梨県","南都留郡鳴沢村",3172,246,7.8,"2017/01/01","2018/03/01"
"山梨県","南都留郡富士河口湖町",26555,2309,8.7,"2017/01/01","2018/03/01"
"山梨県","北都留郡小菅村",740,68,9.2,"2017/01/01","2018/03/01"
"山梨県","北都留郡丹波山村",599,46,7.7,"2017/01/01","2018/03/01"
"長野県","長野市",382001,34300,9.0,"2017/01/01","2018/03/01"
"長野県","松本市",241272,21475,8.9,"2017/01/01","2018/03/01"
"長野県","上田市",159271,15661,9.8,"2017/01/01","2018/03/01"
"長野県","岡谷市",50853,4654,9.2,"2017/01/01","2018/03/01"
"長野県","飯田市",103507,8307,8.0,"2017/01/01","2018/03/01"
"長野県","諏訪市",50428,6119,12.1,"2017/01/01","2018/03/01"
"長野県","須坂市",51368,3535,6.9,"2017/01/01","2018/03/01"
"長野県","小諸市",42954,3867,9.0,"2017/01/01","2018/03/01"
"長野県","伊那市",69059,5516,8.0,"2017/01/01","2018/03/01"
"長野県","駒ヶ根市",33207,2704,8.1,"2017/01/01","2018/03/01"
"長野県","中野市",45361,3299,7.3,"2017/01/01","2018/03/01"
"長野県","大町市",28476,2549,9.0,"2017/01/01","2018/03/01"
"長野県","飯山市",21847,1603,7.3,"2017/01/01","2018/03/01"
"長野県","茅野市",56101,5121,9.1,"2017/01/01","2018/03/01"
"長野県","塩尻市",67534,5843,8.7,"2017/01/01","2018/03/01"
"長野県","佐久市",99497,9116,9.2,"2017/01/01","2018/03/01"
"長野県","千曲市",61356,5155,8.4,"2017/01/01","2018/03/01"
"長野県","東御市",30586,2295,7.5,"2017/01/01","2018/03/01"
"長野県","南佐久郡小海町",4759,374,7.9,"2017/01/01","2018/03/01"
"長野県","南佐久郡川上村",4025,209,5.2,"2017/01/01","2018/03/01"
"長野県","南佐久郡南牧村",3198,313,9.8,"2017/01/01","2018/03/01"
"長野県","南佐久郡南相木村",1061,102,9.6,"2017/01/01","2018/03/01"
"長野県","南佐久郡北相木村",786,59,7.5,"2017/01/01","2018/03/01"
"長野県","南佐久郡佐久穂町",11591,869,7.5,"2017/01/01","2018/03/01"
"長野県","北佐久郡軽井沢町",20295,2247,11.1,"2017/01/01","2018/03/01"
"長野県","北佐久郡御代田町",15505,1482,9.6,"2017/01/01","2018/03/01"
"長野県","北佐久郡立科町",7538,763,10.1,"2017/01/01","2018/03/01"
"長野県","小県郡青木村",4517,295,6.5,"2017/01/01","2018/03/01"
"長野県","小県郡長和町",6348,347,5.5,"2017/01/01","2018/03/01"
"長野県","諏訪郡下諏訪町",20744,2739,13.2,"2017/01/01","2018/03/01"
"長野県","諏訪郡富士見町",14956,1351,9.0,"2017/01/01","2018/03/01"
"長野県","諏訪郡原村",7919,673,8.5,"2017/01/01","2018/03/01"
"長野県","上伊那郡辰野町",20056,1826,9.1,"2017/01/01","2018/03/01"
"長野県","上伊那郡箕輪町",25081,1891,7.5,"2017/01/01","2018/03/01"
"長野県","上伊那郡飯島町",9708,795,8.2,"2017/01/01","2018/03/01"
"長野県","上伊那郡南箕輪村",15314,1038,6.8,"2017/01/01","2018/03/01"
"長野県","上伊那郡中川村",5022,292,5.8,"2017/01/01","2018/03/01"
"長野県","上伊那郡宮田村",9113,779,8.5,"2017/01/01","2018/03/01"
"長野県","下伊那郡松川町",13549,795,5.9,"2017/01/01","2018/03/01"
"長野県","下伊那郡高森町",13245,852,6.4,"2017/01/01","2018/03/01"
"長野県","下伊那郡阿南町",4831,281,5.8,"2017/01/01","2018/03/01"
"長野県","下伊那郡阿智村",6639,293,4.4,"2017/01/01","2018/03/01"
"長野県","下伊那郡平谷村",450,34,7.6,"2017/01/01","2018/03/01"
"長野県","下伊那郡根羽村",976,76,7.8,"2017/01/01","2018/03/01"
"長野県","下伊那郡下條村",3856,169,4.4,"2017/01/01","2018/03/01"
"長野県","下伊那郡売木村",584,53,9.1,"2017/01/01","2018/03/01"
"長野県","下伊那郡天龍村",1392,107,7.7,"2017/01/01","2018/03/01"
"長野県","下伊那郡泰阜村",1696,110,6.5,"2017/01/01","2018/03/01"
"長野県","下伊那郡喬木村",6556,356,5.4,"2017/01/01","2018/03/01"
"長野県","下伊那郡豊丘村",6820,463,6.8,"2017/01/01","2018/03/01"
"長野県","下伊那郡大鹿村",1064,108,10.2,"2017/01/01","2018/03/01"
"長野県","木曽郡上松町",4750,489,10.3,"2017/01/01","2018/03/01"
"長野県","木曽郡南木曽町",4344,282,6.5,"2017/01/01","2018/03/01"
"長野県","木曽郡木祖村",3009,216,7.2,"2017/01/01","2018/03/01"
"長野県","木曽郡王滝村",806,78,9.7,"2017/01/01","2018/03/01"
"長野県","木曽郡大桑村",3896,321,8.2,"2017/01/01","2018/03/01"
"長野県","木曽郡木曽町",11681,1084,9.3,"2017/01/01","2018/03/01"
"長野県","東筑摩郡麻績村",2864,171,6.0,"2017/01/01","2018/03/01"
"長野県","東筑摩郡生坂村",1873,157,8.4,"2017/01/01","2018/03/01"
"長野県","東筑摩郡山形村",8764,551,6.3,"2017/01/01","2018/03/01"
"長野県","東筑摩郡朝日村",4653,222,4.8,"2017/01/01","2018/03/01"
"長野県","東筑摩郡筑北村",4790,379,7.9,"2017/01/01","2018/03/01"
"長野県","北安曇郡池田町",10152,856,8.4,"2017/01/01","2018/03/01"
"長野県","北安曇郡松川村",9943,763,7.7,"2017/01/01","2018/03/01"
"長野県","北安曇郡白馬村",9229,776,8.4,"2017/01/01","2018/03/01"
"長野県","北安曇郡小谷村",3042,356,11.7,"2017/01/01","2018/03/01"
"長野県","埴科郡坂城町",15241,1077,7.1,"2017/01/01","2018/03/01"
"長野県","上高井郡小布施町",11111,761,6.8,"2017/01/01","2018/03/01"
"長野県","上高井郡高山村",7240,414,5.7,"2017/01/01","2018/03/01"
"長野県","下高井郡山ノ内町",13064,829,6.3,"2017/01/01","2018/03/01"
"長野県","下高井郡野沢温泉村",3736,306,8.2,"2017/01/01","2018/03/01"
"長野県","上水内郡信濃町",8804,863,9.8,"2017/01/01","2018/03/01"
"長野県","上水内郡小川村",2643,192,7.3,"2017/01/01","2018/03/01"
"長野県","上水内郡飯綱町",11551,857,7.4,"2017/01/01","2018/03/01"
"長野県","下水内郡栄村",2010,91,4.5,"2017/01/01","2018/03/01"
"岐阜県","岐阜市",413111,37828,9.2,"2017/01/01","2018/03/01"
"岐阜県","大垣市",162038,14324,8.8,"2017/01/01","2018/03/01"
"岐阜県","高山市",89913,7499,8.3,"2017/01/01","2018/03/01"
"岐阜県","多治見市",112786,9538,8.5,"2017/01/01","2018/03/01"
"岐阜県","関市",90156,5963,6.6,"2017/01/01","2018/03/01"
"岐阜県","中津川市",80295,5805,7.2,"2017/01/01","2018/03/01"
"岐阜県","美濃市",21350,1331,6.2,"2017/01/01","2018/03/01"
"岐阜県","瑞浪市",38427,3191,8.3,"2017/01/01","2018/03/01"
"岐阜県","羽島市",68408,5006,7.3,"2017/01/01","2018/03/01"
"岐阜県","恵那市",51667,3313,6.4,"2017/01/01","2018/03/01"
"岐阜県","美濃加茂市",56286,3149,5.6,"2017/01/01","2018/03/01"
"岐阜県","土岐市",59479,4188,7.0,"2017/01/01","2018/03/01"
"岐阜県","各務原市",148593,11807,7.9,"2017/01/01","2018/03/01"
"岐阜県","可児市",101516,8737,8.6,"2017/01/01","2018/03/01"
"岐阜県","山県市",27953,2022,7.2,"2017/01/01","2018/03/01"
"岐阜県","瑞穂市",53981,4501,8.3,"2017/01/01","2018/03/01"
"岐阜県","飛騨市",25127,1922,7.6,"2017/01/01","2018/03/01"
"岐阜県","本巣市",34960,2967,8.5,"2017/01/01","2018/03/01"
"岐阜県","郡上市",43306,2844,6.6,"2017/01/01","2018/03/01"
"岐阜県","下呂市",33808,2644,7.8,"2017/01/01","2018/03/01"
"岐阜県","海津市",35697,3141,8.8,"2017/01/01","2018/03/01"
"岐阜県","羽島郡岐南町",25270,1697,6.7,"2017/01/01","2018/03/01"
"岐阜県","羽島郡笠松町",22451,2023,9.0,"2017/01/01","2018/03/01"
"岐阜県","養老郡養老町",30054,2258,7.5,"2017/01/01","2018/03/01"
"岐阜県","不破郡垂井町",27885,2279,8.2,"2017/01/01","2018/03/01"
"岐阜県","不破郡関ケ原町",7405,642,8.7,"2017/01/01","2018/03/01"
"岐阜県","安八郡神戸町",19609,1718,8.8,"2017/01/01","2018/03/01"
"岐阜県","安八郡輪之内町",9912,650,6.6,"2017/01/01","2018/03/01"
"岐阜県","安八郡安八町",15211,1154,7.6,"2017/01/01","2018/03/01"
"岐阜県","揖斐郡揖斐川町",22145,1513,6.8,"2017/01/01","2018/03/01"
"岐阜県","揖斐郡大野町",23493,1769,7.5,"2017/01/01","2018/03/01"
"岐阜県","揖斐郡池田町",24390,1584,6.5,"2017/01/01","2018/03/01"
"岐阜県","本巣郡北方町",18389,1543,8.4,"2017/01/01","2018/03/01"
"岐阜県","加茂郡坂祝町",8204,624,7.6,"2017/01/01","2018/03/01"
"岐阜県","加茂郡富加町",5707,354,6.2,"2017/01/01","2018/03/01"
"岐阜県","加茂郡川辺町",10444,701,6.7,"2017/01/01","2018/03/01"
"岐阜県","加茂郡七宗町",4038,358,8.9,"2017/01/01","2018/03/01"
"岐阜県","加茂郡八百津町",11435,914,8.0,"2017/01/01","2018/03/01"
"岐阜県","加茂郡白川町",8692,594,6.8,"2017/01/01","2018/03/01"
"岐阜県","加茂郡東白川村",2375,175,7.4,"2017/01/01","2018/03/01"
"岐阜県","可児郡御嵩町",18628,1733,9.3,"2017/01/01","2018/03/01"
"岐阜県","大野郡白川村",1672,99,5.9,"2017/01/01","2018/03/01"
"静岡県","静岡市",709041,72261,10.2,"2017/01/01","2018/03/01"
"静岡県","浜松市",807893,72961,9.0,"2017/01/01","2018/03/01"
"静岡県","沼津市",199006,21594,10.9,"2017/01/01","2018/03/01"
"静岡県","熱海市",37733,5425,14.4,"2017/01/01","2018/03/01"
"静岡県","三島市",111410,12199,10.9,"2017/01/01","2018/03/01"
"静岡県","伊東市",70682,7078,10.0,"2017/01/01","2018/03/01"
"静岡県","島田市",99971,9427,9.4,"2017/01/01","2018/03/01"
"静岡県","富士市",255839,30580,12.0,"2017/01/01","2018/03/01"
"静岡県","磐田市",170419,15307,9.0,"2017/01/01","2018/03/01"
"静岡県","焼津市",141338,13780,9.7,"2017/01/01","2018/03/01"
"静岡県","掛川市",117792,10129,8.6,"2017/01/01","2018/03/01"
"静岡県","藤枝市",146531,15265,10.4,"2017/01/01","2018/03/01"
"静岡県","御殿場市",89178,10236,11.5,"2017/01/01","2018/03/01"
"静岡県","袋井市",87603,7162,8.2,"2017/01/01","2018/03/01"
"静岡県","下田市",22714,2861,12.6,"2017/01/01","2018/03/01"
"静岡県","裾野市",52711,6258,11.9,"2017/01/01","2018/03/01"
"静岡県","湖西市",60363,6246,10.3,"2017/01/01","2018/03/01"
"静岡県","伊豆市",31842,2836,8.9,"2017/01/01","2018/03/01"
"静岡県","御前崎市",33358,2920,8.8,"2017/01/01","2018/03/01"
"静岡県","菊川市",47955,4642,9.7,"2017/01/01","2018/03/01"
"静岡県","伊豆の国市",49498,6144,12.4,"2017/01/01","2018/03/01"
"静岡県","牧之原市",46522,3773,8.1,"2017/01/01","2018/03/01"
"静岡県","賀茂郡東伊豆町",12742,1960,15.4,"2017/01/01","2018/03/01"
"静岡県","賀茂郡河津町",7498,750,10.0,"2017/01/01","2018/03/01"
"静岡県","賀茂郡南伊豆町",8669,970,11.2,"2017/01/01","2018/03/01"
"静岡県","賀茂郡松崎町",7007,714,10.2,"2017/01/01","2018/03/01"
"静岡県","賀茂郡西伊豆町",8416,908,10.8,"2017/01/01","2018/03/01"
"静岡県","田方郡函南町",38363,3500,9.1,"2017/01/01","2018/03/01"
"静岡県","駿東郡清水町",32686,3058,9.4,"2017/01/01","2018/03/01"
"静岡県","駿東郡長泉町",43000,3695,8.6,"2017/01/01","2018/03/01"
"静岡県","駿東郡小山町",19134,2140,11.2,"2017/01/01","2018/03/01"
"静岡県","榛原郡吉田町",29681,2524,8.5,"2017/01/01","2018/03/01"
"静岡県","榛原郡川根本町",7281,639,8.8,"2017/01/01","2018/03/01"
"静岡県","周智郡森町",18813,1536,8.2,"2017/01/01","2018/03/01"
"愛知県","名古屋市",2279194,244914,10.7,"2017/01/01","2018/03/01"
"愛知県","豊橋市",378018,32407,8.6,"2017/01/01","2018/03/01"
"愛知県","岡崎市",384659,34264,8.9,"2017/01/01","2018/03/01"
"愛知県","一宮市",386208,31524,8.2,"2017/01/01","2018/03/01"
"愛知県","瀬戸市",130403,14145,10.8,"2017/01/01","2018/03/01"
"愛知県","半田市",118919,14501,12.2,"2017/01/01","2018/03/01"
"愛知県","春日井市",311708,28386,9.1,"2017/01/01","2018/03/01"
"愛知県","豊川市",185833,13086,7.0,"2017/01/01","2018/03/01"
"愛知県","津島市",63702,5734,9.0,"2017/01/01","2018/03/01"
"愛知県","碧南市",72082,5093,7.1,"2017/01/01","2018/03/01"
"愛知県","刈谷市",150216,14814,9.9,"2017/01/01","2018/03/01"
"愛知県","豊田市",424095,47642,11.2,"2017/01/01","2018/03/01"
"愛知県","安城市",186837,16347,8.7,"2017/01/01","2018/03/01"
"愛知県","西尾市",171212,14791,8.6,"2017/01/01","2018/03/01"
"愛知県","蒲郡市",80856,7048,8.7,"2017/01/01","2018/03/01"
"愛知県","犬山市",74642,6977,9.3,"2017/01/01","2018/03/01"
"愛知県","常滑市",58498,5677,9.7,"2017/01/01","2018/03/01"
"愛知県","江南市",101058,8967,8.9,"2017/01/01","2018/03/01"
"愛知県","小牧市",153471,16763,10.9,"2017/01/01","2018/03/01"
"愛知県","稲沢市",137904,12128,8.8,"2017/01/01","2018/03/01"
"愛知県","新城市",47954,4076,8.5,"2017/01/01","2018/03/01"
"愛知県","東海市",114271,13399,11.7,"2017/01/01","2018/03/01"
"愛知県","大府市",91040,9008,9.9,"2017/01/01","2018/03/01"
"愛知県","知立市",71323,7003,9.8,"2017/01/01","2018/03/01"
"愛知県","尾張旭市",83033,8835,10.6,"2017/01/01","2018/03/01"
"愛知県","高浜市",47472,3879,8.2,"2017/01/01","2018/03/01"
"愛知県","岩倉市",47949,4390,9.2,"2017/01/01","2018/03/01"
"愛知県","豊明市",68869,6414,9.3,"2017/01/01","2018/03/01"
"愛知県","日進市",89009,8322,9.3,"2017/01/01","2018/03/01"
"愛知県","田原市",63431,4665,7.4,"2017/01/01","2018/03/01"
"愛知県","愛西市",64239,5385,8.4,"2017/01/01","2018/03/01"
"愛知県","清須市",67538,6125,9.1,"2017/01/01","2018/03/01"
"愛知県","北名古屋市",85251,6464,7.6,"2017/01/01","2018/03/01"
"愛知県","弥富市",44277,3500,7.9,"2017/01/01","2018/03/01"
"愛知県","みよし市",60761,6392,10.5,"2017/01/01","2018/03/01"
"愛知県","あま市",88662,7399,8.3,"2017/01/01","2018/03/01"
"愛知県","長久手市",56448,6280,11.1,"2017/01/01","2018/03/01"
"愛知県","愛知郡東郷町",43249,3688,8.5,"2017/01/01","2018/03/01"
"愛知県","西春日井郡豊山町",15519,1245,8.0,"2017/01/01","2018/03/01"
"愛知県","丹羽郡大口町",23725,1820,7.7,"2017/01/01","2018/03/01"
"愛知県","丹羽郡扶桑町",34672,3091,8.9,"2017/01/01","2018/03/01"
"愛知県","海部郡大治町",32032,2818,8.8,"2017/01/01","2018/03/01"
"愛知県","海部郡蟹江町",37848,3657,9.7,"2017/01/01","2018/03/01"
"愛知県","海部郡飛島村",4615,267,5.8,"2017/01/01","2018/03/01"
"愛知県","知多郡阿久比町",28596,2405,8.4,"2017/01/01","2018/03/01"
"愛知県","知多郡東浦町",50321,4785,9.5,"2017/01/01","2018/03/01"
"愛知県","知多郡南知多町",18726,1119,6.0,"2017/01/01","2018/03/01"
"愛知県","知多郡美浜町",22512,1740,7.7,"2017/01/01","2018/03/01"
"愛知県","知多郡武豊町",43053,3327,7.7,"2017/01/01","2018/03/01"
"愛知県","額田郡幸田町",40545,3326,8.2,"2017/01/01","2018/03/01"
"愛知県","北設楽郡設楽町",5104,314,6.2,"2017/01/01","2018/03/01"
"愛知県","北設楽郡東栄町",3413,255,7.5,"2017/01/01","2018/03/01"
"愛知県","北設楽郡豊根村",1183,77,6.5,"2017/01/01","2018/03/01"
"三重県","津市",281745,26302,9.3,"2017/01/01","2018/03/01"
"三重県","四日市市",312211,25581,8.2,"2017/01/01","2018/03/01"
"三重県","伊勢市",128800,10681,8.3,"2017/01/01","2018/03/01"
"三重県","松阪市",166577,16174,9.7,"2017/01/01","2018/03/01"
"三重県","桑名市",143080,11513,8.0,"2017/01/01","2018/03/01"
"三重県","鈴鹿市",200510,18534,9.2,"2017/01/01","2018/03/01"
"三重県","名張市",79942,8170,10.2,"2017/01/01","2018/03/01"
"三重県","尾鷲市",18763,1340,7.1,"2017/01/01","2018/03/01"
"三重県","亀山市",49709,4266,8.6,"2017/01/01","2018/03/01"
"三重県","鳥羽市",19691,1436,7.3,"2017/01/01","2018/03/01"
"三重県","熊野市",17670,1307,7.4,"2017/01/01","2018/03/01"
"三重県","いなべ市",45758,4763,10.4,"2017/01/01","2018/03/01"
"三重県","志摩市",52140,3379,6.5,"2017/01/01","2018/03/01"
"三重県","伊賀市",93892,7783,8.3,"2017/01/01","2018/03/01"
"三重県","桑名郡木曽岬町",6457,609,9.4,"2017/01/01","2018/03/01"
"三重県","員弁郡東員町",25580,2988,11.7,"2017/01/01","2018/03/01"
"三重県","三重郡菰野町",41731,3677,8.8,"2017/01/01","2018/03/01"
"三重県","三重郡朝日町",10634,825,7.8,"2017/01/01","2018/03/01"
"三重県","三重郡川越町",14977,1340,8.9,"2017/01/01","2018/03/01"
"三重県","多気郡多気町",14984,932,6.2,"2017/01/01","2018/03/01"
"三重県","多気郡明和町",23162,1479,6.4,"2017/01/01","2018/03/01"
"三重県","多気郡大台町",9721,630,6.5,"2017/01/01","2018/03/01"
"三重県","度会郡度会町",8459,650,7.7,"2017/01/01","2018/03/01"
"三重県","度会郡大紀町",9119,524,5.7,"2017/01/01","2018/03/01"
"三重県","度会郡南伊勢町",13521,859,6.4,"2017/01/01","2018/03/01"
"三重県","北牟婁郡紀北町",16849,1031,6.1,"2017/01/01","2018/03/01"
"三重県","南牟婁郡御浜町",8972,585,6.5,"2017/01/01","2018/03/01"
"三重県","南牟婁郡紀宝町",11386,580,5.1,"2017/01/01","2018/03/01"
"滋賀県","大津市",342532,34440,10.1,"2017/01/01","2018/03/01"
"滋賀県","彦根市",112902,12109,10.7,"2017/01/01","2018/03/01"
"滋賀県","長浜市",120123,11657,9.7,"2017/01/01","2018/03/01"
"滋賀県","近江八幡市",82144,7155,8.7,"2017/01/01","2018/03/01"
"滋賀県","草津市",131576,17765,13.5,"2017/01/01","2018/03/01"
"滋賀県","守山市",82012,7362,9.0,"2017/01/01","2018/03/01"
"滋賀県","栗東市",68272,6916,10.1,"2017/01/01","2018/03/01"
"滋賀県","甲賀市",91724,11912,13.0,"2017/01/01","2018/03/01"
"滋賀県","野洲市",50972,5233,10.3,"2017/01/01","2018/03/01"
"滋賀県","湖南市",55104,4850,8.8,"2017/01/01","2018/03/01"
"滋賀県","高島市",50316,4712,9.4,"2017/01/01","2018/03/01"
"滋賀県","東近江市",115178,11214,9.7,"2017/01/01","2018/03/01"
"滋賀県","米原市",39717,4068,10.2,"2017/01/01","2018/03/01"
"滋賀県","蒲生郡日野町",21842,1383,6.3,"2017/01/01","2018/03/01"
"滋賀県","蒲生郡竜王町",12314,790,6.4,"2017/01/01","2018/03/01"
"滋賀県","愛知郡愛荘町",21276,1712,8.0,"2017/01/01","2018/03/01"
"滋賀県","犬上郡豊郷町",7389,460,6.2,"2017/01/01","2018/03/01"
"滋賀県","犬上郡甲良町",7263,611,8.4,"2017/01/01","2018/03/01"
"滋賀県","犬上郡多賀町",7604,470,6.2,"2017/01/01","2018/03/01"
"京都府","京都市",1418340,158905,11.2,"2017/01/01","2018/03/01"
"京都府","福知山市",79594,6722,8.4,"2017/01/01","2018/03/01"
"京都府","舞鶴市",85152,7684,9.0,"2017/01/01","2018/03/01"
"京都府","綾部市",34500,2987,8.7,"2017/01/01","2018/03/01"
"京都府","宇治市",188674,19290,10.2,"2017/01/01","2018/03/01"
"京都府","宮津市",18743,1537,8.2,"2017/01/01","2018/03/01"
"京都府","亀岡市",90384,9335,10.3,"2017/01/01","2018/03/01"
"京都府","城陽市",77602,9368,12.1,"2017/01/01","2018/03/01"
"京都府","向日市",55731,5138,9.2,"2017/01/01","2018/03/01"
"京都府","長岡京市",80775,8528,10.6,"2017/01/01","2018/03/01"
"京都府","八幡市",72144,7027,9.7,"2017/01/01","2018/03/01"
"京都府","京田辺市",68201,6847,10.0,"2017/01/01","2018/03/01"
"京都府","京丹後市",56821,3898,6.9,"2017/01/01","2018/03/01"
"京都府","南丹市",32682,2400,7.3,"2017/01/01","2018/03/01"
"京都府","木津川市",75161,7040,9.4,"2017/01/01","2018/03/01"
"京都府","乙訓郡大山崎町",15735,1833,11.6,"2017/01/01","2018/03/01"
"京都府","久世郡久御山町",16255,1391,8.6,"2017/01/01","2018/03/01"
"京都府","綴喜郡井手町",7607,539,7.1,"2017/01/01","2018/03/01"
"京都府","綴喜郡宇治田原町",9510,744,7.8,"2017/01/01","2018/03/01"
"京都府","相楽郡笠置町",1430,153,10.7,"2017/01/01","2018/03/01"
"京都府","相楽郡和束町",4170,231,5.5,"2017/01/01","2018/03/01"
"京都府","相楽郡精華町",37556,4439,11.8,"2017/01/01","2018/03/01"
"京都府","相楽郡南山城村",2882,299,10.4,"2017/01/01","2018/03/01"
"京都府","船井郡京丹波町",14903,1183,7.9,"2017/01/01","2018/03/01"
"京都府","与謝郡伊根町",2213,135,6.1,"2017/01/01","2018/03/01"
"京都府","与謝郡与謝野町",22645,1456,6.4,"2017/01/01","2018/03/01"
"大阪府","大阪市",2691425,345495,12.8,"2017/01/01","2018/03/01"
"大阪府","岸和田市",198017,19176,9.7,"2017/01/01","2018/03/01"
"大阪府","豊中市",403991,47296,11.7,"2017/01/01","2018/03/01"
"大阪府","池田市",103077,11583,11.2,"2017/01/01","2018/03/01"
"大阪府","吹田市",369898,49737,13.4,"2017/01/01","2018/03/01"
"大阪府","泉大津市",75577,7968,10.5,"2017/01/01","2018/03/01"
"大阪府","高槻市",354216,44968,12.7,"2017/01/01","2018/03/01"
"大阪府","貝塚市",88813,8377,9.4,"2017/01/01","2018/03/01"
"大阪府","守口市",143983,16283,11.3,"2017/01/01","2018/03/01"
"大阪府","枚方市",404963,48870,12.1,"2017/01/01","2018/03/01"
"大阪府","茨木市",280601,33405,11.9,"2017/01/01","2018/03/01"
"大阪府","八尾市",268457,38902,14.5,"2017/01/01","2018/03/01"
"大阪府","泉佐野市",100813,9922,9.8,"2017/01/01","2018/03/01"
"大阪府","富田林市",113952,11802,10.4,"2017/01/01","2018/03/01"
"大阪府","寝屋川市",237441,27485,11.6,"2017/01/01","2018/03/01"
"大阪府","河内長野市",108488,12170,11.2,"2017/01/01","2018/03/01"
"大阪府","松原市",121467,11565,9.5,"2017/01/01","2018/03/01"
"大阪府","大東市",122461,13099,10.7,"2017/01/01","2018/03/01"
"大阪府","和泉市",186765,17633,9.4,"2017/01/01","2018/03/01"
"大阪府","箕面市",136765,18717,13.7,"2017/01/01","2018/03/01"
"大阪府","柏原市",70698,7129,10.1,"2017/01/01","2018/03/01"
"大阪府","羽曳野市",113332,12346,10.9,"2017/01/01","2018/03/01"
"大阪府","門真市",124677,12202,9.8,"2017/01/01","2018/03/01"
"大阪府","摂津市",85434,12580,14.7,"2017/01/01","2018/03/01"
"大阪府","高石市",58162,5312,9.1,"2017/01/01","2018/03/01"
"大阪府","藤井寺市",65744,7270,11.1,"2017/01/01","2018/03/01"
"大阪府","東大阪市",493922,47745,9.7,"2017/01/01","2018/03/01"
"大阪府","泉南市",63311,6405,10.1,"2017/01/01","2018/03/01"
"大阪府","四條畷市",56021,5619,10.0,"2017/01/01","2018/03/01"
"大阪府","交野市",77876,9459,12.1,"2017/01/01","2018/03/01"
"大阪府","大阪狭山市",58038,6100,10.5,"2017/01/01","2018/03/01"
"大阪府","阪南市",55936,6222,11.1,"2017/01/01","2018/03/01"
"大阪府","三島郡島本町",30667,3395,11.1,"2017/01/01","2018/03/01"
"大阪府","豊能郡豊能町",20457,3134,15.3,"2017/01/01","2018/03/01"
"大阪府","豊能郡能勢町",10617,1029,9.7,"2017/01/01","2018/03/01"
"大阪府","泉北郡忠岡町",17427,1578,9.1,"2017/01/01","2018/03/01"
"大阪府","泉南郡熊取町",44034,4702,10.7,"2017/01/01","2018/03/01"
"大阪府","泉南郡田尻町",8588,880,10.2,"2017/01/01","2018/03/01"
"大阪府","泉南郡岬町",16259,2125,13.1,"2017/01/01","2018/03/01"
"大阪府","南河内郡太子町",13730,1187,8.6,"2017/01/01","2018/03/01"
"大阪府","南河内郡河南町",15810,1294,8.2,"2017/01/01","2018/03/01"
"大阪府","南河内郡千早赤阪村",5497,556,10.1,"2017/01/01","2018/03/01"
"兵庫県","神戸市",1546255,217747,14.1,"2017/01/01","2018/03/01"
"兵庫県","姫路市",540000,60891,11.3,"2017/01/01","2018/03/01"
"兵庫県","尼崎市",463160,51457,11.1,"2017/01/01","2018/03/01"
"兵庫県","明石市",298799,29289,9.8,"2017/01/01","2018/03/01"
"兵庫県","西宮市",485788,63966,13.2,"2017/01/01","2018/03/01"
"兵庫県","洲本市",45375,4807,10.6,"2017/01/01","2018/03/01"
"兵庫県","芦屋市",96246,17069,17.7,"2017/01/01","2018/03/01"
"兵庫県","伊丹市",201865,29325,14.5,"2017/01/01","2018/03/01"
"兵庫県","相生市",30264,2803,9.3,"2017/01/01","2018/03/01"
"兵庫県","豊岡市",83936,6681,8.0,"2017/01/01","2018/03/01"
"兵庫県","加古川市",268541,34628,12.9,"2017/01/01","2018/03/01"
"兵庫県","西脇市",41654,3125,7.5,"2017/01/01","2018/03/01"
"兵庫県","宝塚市",234349,26129,11.1,"2017/01/01","2018/03/01"
"兵庫県","三木市",78803,10208,13.0,"2017/01/01","2018/03/01"
"兵庫県","高砂市",92770,11216,12.1,"2017/01/01","2018/03/01"
"兵庫県","川西市",159668,23204,14.5,"2017/01/01","2018/03/01"
"兵庫県","小野市",49083,4104,8.4,"2017/01/01","2018/03/01"
"兵庫県","三田市",113794,12401,10.9,"2017/01/01","2018/03/01"
"兵庫県","加西市",45099,3804,8.4,"2017/01/01","2018/03/01"
"兵庫県","篠山市",42617,3399,8.0,"2017/01/01","2018/03/01"
"兵庫県","養父市",24778,2241,9.0,"2017/01/01","2018/03/01"
"兵庫県","丹波市",66108,5110,7.7,"2017/01/01","2018/03/01"
"兵庫県","南あわじ市",48733,3418,7.0,"2017/01/01","2018/03/01"
"兵庫県","朝来市",31481,2506,8.0,"2017/01/01","2018/03/01"
"兵庫県","淡路市",45279,4440,9.8,"2017/01/01","2018/03/01"
"兵庫県","宍粟市",39352,3919,10.0,"2017/01/01","2018/03/01"
"兵庫県","加東市",40329,6229,15.4,"2017/01/01","2018/03/01"
"兵庫県","たつの市",78231,8152,10.4,"2017/01/01","2018/03/01"
"兵庫県","川辺郡猪名川町",31729,4380,13.8,"2017/01/01","2018/03/01"
"兵庫県","多可郡多可町",21682,1756,8.1,"2017/01/01","2018/03/01"
"兵庫県","加古郡稲美町",31470,3973,12.6,"2017/01/01","2018/03/01"
"兵庫県","加古郡播磨町",34711,6568,18.9,"2017/01/01","2018/03/01"
"兵庫県","神崎郡市川町",12675,1185,9.3,"2017/01/01","2018/03/01"
"兵庫県","神崎郡福崎町",19527,1441,7.4,"2017/01/01","2018/03/01"
"兵庫県","神崎郡神河町",11855,1425,12.0,"2017/01/01","2018/03/01"
"兵庫県","揖保郡太子町",34344,4088,11.9,"2017/01/01","2018/03/01"
"兵庫県","赤穂郡上郡町",15586,2158,13.8,"2017/01/01","2018/03/01"
"兵庫県","佐用郡佐用町",17711,1384,7.8,"2017/01/01","2018/03/01"
"兵庫県","美方郡香美町",18634,1676,9.0,"2017/01/01","2018/03/01"
"兵庫県","美方郡新温泉町",15174,1198,7.9,"2017/01/01","2018/03/01"
"奈良県","奈良市",360459,41489,11.5,"2017/01/01","2018/03/01"
"奈良県","大和高田市",66784,6785,10.2,"2017/01/01","2018/03/01"
"奈良県","大和郡山市",87742,12442,14.2,"2017/01/01","2018/03/01"
"奈良県","天理市",66588,8477,12.7,"2017/01/01","2018/03/01"
"奈良県","橿原市",123589,22402,18.1,"2017/01/01","2018/03/01"
"奈良県","桜井市",58625,5252,9.0,"2017/01/01","2018/03/01"
"奈良県","五條市",31911,2710,8.5,"2017/01/01","2018/03/01"
"奈良県","御所市",27065,2934,10.8,"2017/01/01","2018/03/01"
"奈良県","生駒市",120925,21272,17.6,"2017/01/01","2018/03/01"
"奈良県","香芝市",79044,9674,12.2,"2017/01/01","2018/03/01"
"奈良県","葛城市",37170,3113,8.4,"2017/01/01","2018/03/01"
"奈良県","宇陀市",31660,3297,10.4,"2017/01/01","2018/03/01"
"奈良県","山辺郡山添村",3737,245,6.6,"2017/01/01","2018/03/01"
"奈良県","生駒郡平群町",19247,2262,11.8,"2017/01/01","2018/03/01"
"奈良県","生駒郡三郷町",23262,2796,12.0,"2017/01/01","2018/03/01"
"奈良県","生駒郡斑鳩町",28298,3816,13.5,"2017/01/01","2018/03/01"
"奈良県","生駒郡安堵町",7559,726,9.6,"2017/01/01","2018/03/01"
"奈良県","磯城郡川西町",8688,791,9.1,"2017/01/01","2018/03/01"
"奈良県","磯城郡三宅町",7069,578,8.2,"2017/01/01","2018/03/01"
"奈良県","磯城郡田原本町",32330,3229,10.0,"2017/01/01","2018/03/01"
"奈良県","宇陀郡曽爾村",1545,98,6.3,"2017/01/01","2018/03/01"
"奈良県","宇陀郡御杖村",1758,161,9.2,"2017/01/01","2018/03/01"
"奈良県","高市郡高取町",7006,679,9.7,"2017/01/01","2018/03/01"
"奈良県","北葛城郡上牧町",22873,2376,10.4,"2017/01/01","2018/03/01"
"奈良県","北葛城郡王寺町",23652,3307,14.0,"2017/01/01","2018/03/01"
"奈良県","北葛城郡広陵町",35004,3185,9.1,"2017/01/01","2018/03/01"
"奈良県","北葛城郡河合町",18145,2110,11.6,"2017/01/01","2018/03/01"
"奈良県","吉野郡吉野町",7632,780,10.2,"2017/01/01","2018/03/01"
"奈良県","吉野郡大淀町",18263,1633,8.9,"2017/01/01","2018/03/01"
"奈良県","吉野郡下市町",5796,552,9.5,"2017/01/01","2018/03/01"
"奈良県","吉野郡黒滝村",746,49,6.6,"2017/01/01","2018/03/01"
"奈良県","吉野郡天川村",1486,104,7.0,"2017/01/01","2018/03/01"
"奈良県","吉野郡野迫川村",431,50,11.6,"2017/01/01","2018/03/01"
"奈良県","吉野郡十津川村",3488,321,9.2,"2017/01/01","2018/03/01"
"奈良県","吉野郡下北山村",974,126,12.9,"2017/01/01","2018/03/01"
"奈良県","吉野郡上北山村",545,115,21.1,"2017/01/01","2018/03/01"
"奈良県","吉野郡川上村",1497,145,9.7,"2017/01/01","2018/03/01"
"奈良県","吉野郡東吉野村",1881,108,5.7,"2017/01/01","2018/03/01"
"和歌山県","和歌山市",373074,31958,8.6,"2017/01/01","2018/03/01"
"和歌山県","海南市",52563,4761,9.1,"2017/01/01","2018/03/01"
"和歌山県","橋本市",64382,7792,12.1,"2017/01/01","2018/03/01"
"和歌山県","有田市",29250,1571,5.4,"2017/01/01","2018/03/01"
"和歌山県","御坊市",24279,1943,8.0,"2017/01/01","2018/03/01"
"和歌山県","田辺市",76509,6593,8.6,"2017/01/01","2018/03/01"
"和歌山県","新宮市",29860,2465,8.3,"2017/01/01","2018/03/01"
"和歌山県","紀の川市",64511,4815,7.5,"2017/01/01","2018/03/01"
"和歌山県","岩出市",53901,4205,7.8,"2017/01/01","2018/03/01"
"和歌山県","海草郡紀美野町",9367,651,6.9,"2017/01/01","2018/03/01"
"和歌山県","伊都郡かつらぎ町",17420,1401,8.0,"2017/01/01","2018/03/01"
"和歌山県","伊都郡九度山町",4509,372,8.3,"2017/01/01","2018/03/01"
"和歌山県","伊都郡高野町",3243,320,9.9,"2017/01/01","2018/03/01"
"和歌山県","有田郡湯浅町",12500,747,6.0,"2017/01/01","2018/03/01"
"和歌山県","有田郡広川町",7310,398,5.4,"2017/01/01","2018/03/01"
"和歌山県","有田郡有田川町",27130,1763,6.5,"2017/01/01","2018/03/01"
"和歌山県","日高郡美浜町",7492,497,6.6,"2017/01/01","2018/03/01"
"和歌山県","日高郡日高町",7953,449,5.6,"2017/01/01","2018/03/01"
"和歌山県","日高郡由良町",6114,365,6.0,"2017/01/01","2018/03/01"
"和歌山県","日高郡印南町",8521,492,5.8,"2017/01/01","2018/03/01"
"和歌山県","日高郡みなべ町",13280,798,6.0,"2017/01/01","2018/03/01"
"和歌山県","日高郡日高川町",10136,667,6.6,"2017/01/01","2018/03/01"
"和歌山県","西牟婁郡白浜町",22018,1765,8.0,"2017/01/01","2018/03/01"
"和歌山県","西牟婁郡上富田町",15561,1075,6.9,"2017/01/01","2018/03/01"
"和歌山県","西牟婁郡すさみ町",4249,317,7.5,"2017/01/01","2018/03/01"
"和歌山県","東牟婁郡那智勝浦町",15977,1229,7.7,"2017/01/01","2018/03/01"
"和歌山県","東牟婁郡太地町",3266,228,7.0,"2017/01/01","2018/03/01"
"和歌山県","東牟婁郡古座川町",2853,189,6.6,"2017/01/01","2018/03/01"
"和歌山県","東牟婁郡北山村",453,35,7.7,"2017/01/01","2018/03/01"
"和歌山県","東牟婁郡串本町",17008,1271,7.5,"2017/01/01","2018/03/01"
"鳥取県","鳥取市",190960,17001,8.9,"2017/01/01","2018/03/01"
"鳥取県","米子市",149407,12370,8.3,"2017/01/01","2018/03/01"
"鳥取県","倉吉市",48340,3929,8.1,"2017/01/01","2018/03/01"
"鳥取県","境港市",34813,2845,8.2,"2017/01/01","2018/03/01"
"鳥取県","岩美郡岩美町",11891,1032,8.7,"2017/01/01","2018/03/01"
"鳥取県","八頭郡若桜町",3432,240,7.0,"2017/01/01","2018/03/01"
"鳥取県","八頭郡智頭町",7398,561,7.6,"2017/01/01","2018/03/01"
"鳥取県","東伯郡三朝町",6720,572,8.5,"2017/01/01","2018/03/01"
"鳥取県","東伯郡湯梨浜町",17083,1161,6.8,"2017/01/01","2018/03/01"
"鳥取県","東伯郡琴浦町",18002,2859,15.9,"2017/01/01","2018/03/01"
"鳥取県","東伯郡北栄町",15402,1108,7.2,"2017/01/01","2018/03/01"
"鳥取県","西伯郡日吉津村",3514,283,8.1,"2017/01/01","2018/03/01"
"鳥取県","西伯郡大山町",16799,1539,9.2,"2017/01/01","2018/03/01"
"鳥取県","西伯郡南部町",11184,952,8.5,"2017/01/01","2018/03/01"
"鳥取県","西伯郡伯耆町",11259,1087,9.7,"2017/01/01","2018/03/01"
"鳥取県","日野郡日南町",4931,491,10.0,"2017/01/01","2018/03/01"
"鳥取県","日野郡日野町",3348,290,8.7,"2017/01/01","2018/03/01"
"鳥取県","日野郡江府町",3102,236,7.6,"2017/01/01","2018/03/01"
"島根県","松江市",204403,17652,8.6,"2017/01/01","2018/03/01"
"島根県","浜田市",56042,6378,11.4,"2017/01/01","2018/03/01"
"島根県","出雲市",174948,16074,9.2,"2017/01/01","2018/03/01"
"島根県","益田市",48013,5183,10.8,"2017/01/01","2018/03/01"
"島根県","大田市",36100,3542,9.8,"2017/01/01","2018/03/01"
"島根県","安来市",39935,5563,13.9,"2017/01/01","2018/03/01"
"島根県","江津市",24319,2855,11.7,"2017/01/01","2018/03/01"
"島根県","雲南市",39973,3274,8.2,"2017/01/01","2018/03/01"
"島根県","仁多郡奥出雲町",13287,1108,8.3,"2017/01/01","2018/03/01"
"島根県","飯石郡飯南町",5083,358,7.0,"2017/01/01","2018/03/01"
"島根県","邑智郡川本町",3427,445,13.0,"2017/01/01","2018/03/01"
"島根県","邑智郡美郷町",4955,444,9.0,"2017/01/01","2018/03/01"
"島根県","邑智郡邑南町",11211,1268,11.3,"2017/01/01","2018/03/01"
"島根県","鹿足郡津和野町",7761,704,9.1,"2017/01/01","2018/03/01"
"島根県","鹿足郡吉賀町",6398,482,7.5,"2017/01/01","2018/03/01"
"島根県","隠岐郡海士町",2304,167,7.2,"2017/01/01","2018/03/01"
"島根県","隠岐郡西ノ島町",2924,239,8.2,"2017/01/01","2018/03/01"
"島根県","隠岐郡知夫村",605,43,7.1,"2017/01/01","2018/03/01"
"島根県","隠岐郡隠岐の島町",14694,1286,8.8,"2017/01/01","2018/03/01"
"岡山県","岡山市",708652,61412,8.7,"2017/01/01","2018/03/01"
"岡山県","倉敷市",484174,43170,8.9,"2017/01/01","2018/03/01"
"岡山県","津山市",102962,8373,8.1,"2017/01/01","2018/03/01"
"岡山県","玉野市",61226,6254,10.2,"2017/01/01","2018/03/01"
"岡山県","笠岡市",50346,4899,9.7,"2017/01/01","2018/03/01"
"岡山県","井原市",41613,3611,8.7,"2017/01/01","2018/03/01"
"岡山県","総社市",68209,6314,9.3,"2017/01/01","2018/03/01"
"岡山県","高梁市",31939,3310,10.4,"2017/01/01","2018/03/01"
"岡山県","新見市",30814,3196,10.4,"2017/01/01","2018/03/01"
"岡山県","備前市",35903,3702,10.3,"2017/01/01","2018/03/01"
"岡山県","瀬戸内市",37975,3395,8.9,"2017/01/01","2018/03/01"
"岡山県","赤磐市",44599,3909,8.8,"2017/01/01","2018/03/01"
"岡山県","真庭市",47195,3877,8.2,"2017/01/01","2018/03/01"
"岡山県","美作市",28733,2565,8.9,"2017/01/01","2018/03/01"
"岡山県","浅口市",35108,3331,9.5,"2017/01/01","2018/03/01"
"岡山県","和気郡和気町",14564,1160,8.0,"2017/01/01","2018/03/01"
"岡山県","都窪郡早島町",12342,1035,8.4,"2017/01/01","2018/03/01"
"岡山県","浅口郡里庄町",11212,1097,9.8,"2017/01/01","2018/03/01"
"岡山県","小田郡矢掛町",14637,1048,7.2,"2017/01/01","2018/03/01"
"岡山県","真庭郡新庄村",953,78,8.2,"2017/01/01","2018/03/01"
"岡山県","苫田郡鏡野町",13439,1116,8.3,"2017/01/01","2018/03/01"
"岡山県","勝田郡勝央町",11266,1130,10.0,"2017/01/01","2018/03/01"
"岡山県","英田郡西粟倉村",1485,131,8.8,"2017/01/01","2018/03/01"
"岡山県","久米郡久米南町",5039,435,8.6,"2017/01/01","2018/03/01"
"岡山県","久米郡美咲町",14951,1179,7.9,"2017/01/01","2018/03/01"
"岡山県","加賀郡吉備中央町",12133,1073,8.8,"2017/01/01","2018/03/01"
"広島県","広島市",1193857,131903,11.0,"2017/01/01","2018/03/01"
"広島県","呉市",231008,29763,12.9,"2017/01/01","2018/03/01"
"広島県","竹原市",26756,3488,13.0,"2017/01/01","2018/03/01"
"広島県","三原市",97009,11564,11.9,"2017/01/01","2018/03/01"
"広島県","尾道市",141110,13943,9.9,"2017/01/01","2018/03/01"
"広島県","福山市",471345,36198,7.7,"2017/01/01","2018/03/01"
"広島県","府中市",40756,3743,9.2,"2017/01/01","2018/03/01"
"広島県","三次市",53995,5344,9.9,"2017/01/01","2018/03/01"
"広島県","庄原市",37000,3140,8.5,"2017/01/01","2018/03/01"
"広島県","大竹市",27799,3148,11.3,"2017/01/01","2018/03/01"
"広島県","東広島市",185764,26011,14.0,"2017/01/01","2018/03/01"
"広島県","廿日市市",117292,12321,10.5,"2017/01/01","2018/03/01"
"広島県","安芸高田市",29773,3589,12.1,"2017/01/01","2018/03/01"
"広島県","江田島市",24596,2687,10.9,"2017/01/01","2018/03/01"
"広島県","安芸郡府中町",52154,6350,12.2,"2017/01/01","2018/03/01"
"広島県","安芸郡海田町",29592,3656,12.4,"2017/01/01","2018/03/01"
"広島県","安芸郡熊野町",24437,2646,10.8,"2017/01/01","2018/03/01"
"広島県","安芸郡坂町",13101,1424,10.9,"2017/01/01","2018/03/01"
"広島県","山県郡安芸太田町",6650,632,9.5,"2017/01/01","2018/03/01"
"広島県","山県郡北広島町",19263,1996,10.4,"2017/01/01","2018/03/01"
"広島県","豊田郡大崎上島町",7839,907,11.6,"2017/01/01","2018/03/01"
"広島県","世羅郡世羅町",16845,1529,9.1,"2017/01/01","2018/03/01"
"広島県","神石郡神石高原町",9534,958,10.0,"2017/01/01","2018/03/01"
"山口県","下関市",269486,27660,10.3,"2017/01/01","2018/03/01"
"山口県","宇部市",168241,19264,11.5,"2017/01/01","2018/03/01"
"山口県","山口市",193792,18787,9.7,"2017/01/01","2018/03/01"
"山口県","萩市",49772,4777,9.6,"2017/01/01","2018/03/01"
"山口県","防府市",117172,12395,10.6,"2017/01/01","2018/03/01"
"山口県","下松市",56715,6188,10.9,"2017/01/01","2018/03/01"
"山口県","岩国市",138394,15765,11.4,"2017/01/01","2018/03/01"
"山口県","光市",52286,6793,13.0,"2017/01/01","2018/03/01"
"山口県","長門市",35557,3710,10.4,"2017/01/01","2018/03/01"
"山口県","柳井市",32865,3599,11.0,"2017/01/01","2018/03/01"
"山口県","美祢市",25607,2605,10.2,"2017/01/01","2018/03/01"
"山口県","周南市",146475,16539,11.3,"2017/01/01","2018/03/01"
"山口県","山陽小野田市",64020,5970,9.3,"2017/01/01","2018/03/01"
"山口県","大島郡周防大島町",17237,2146,12.4,"2017/01/01","2018/03/01"
"山口県","玖珂郡和木町",6490,836,12.9,"2017/01/01","2018/03/01"
"山口県","熊毛郡上関町",2946,148,5.0,"2017/01/01","2018/03/01"
"山口県","熊毛郡田布施町",15651,1746,11.2,"2017/01/01","2018/03/01"
"山口県","熊毛郡平生町",12375,1237,10.0,"2017/01/01","2018/03/01"
"山口県","阿武郡阿武町",3507,318,9.1,"2017/01/01","2018/03/01"
"徳島県","徳島市",256008,22475,8.8,"2017/01/01","2018/03/01"
"徳島県","鳴門市",59581,5665,9.5,"2017/01/01","2018/03/01"
"徳島県","小松島市",39110,3591,9.2,"2017/01/01","2018/03/01"
"徳島県","阿南市",74951,5980,8.0,"2017/01/01","2018/03/01"
"徳島県","吉野川市",42459,2898,6.8,"2017/01/01","2018/03/01"
"徳島県","阿波市",38692,2778,7.2,"2017/01/01","2018/03/01"
"徳島県","三好市",27651,3275,11.8,"2017/01/01","2018/03/01"
"徳島県","勝浦郡勝浦町",5448,408,7.5,"2017/01/01","2018/03/01"
"徳島県","勝浦郡上勝町",1616,207,12.8,"2017/01/01","2018/03/01"
"徳島県","名東郡佐那河内村",2460,237,9.6,"2017/01/01","2018/03/01"
"徳島県","名西郡石井町",26224,1934,7.4,"2017/01/01","2018/03/01"
"徳島県","名西郡神山町",5657,380,6.7,"2017/01/01","2018/03/01"
"徳島県","那賀郡那賀町",8860,524,5.9,"2017/01/01","2018/03/01"
"徳島県","海部郡牟岐町",4379,267,6.1,"2017/01/01","2018/03/01"
"徳島県","海部郡美波町",7114,650,9.1,"2017/01/01","2018/03/01"
"徳島県","海部郡海陽町",9851,611,6.2,"2017/01/01","2018/03/01"
"徳島県","板野郡松茂町",15349,1727,11.3,"2017/01/01","2018/03/01"
"徳島県","板野郡北島町",23103,2073,9.0,"2017/01/01","2018/03/01"
"徳島県","板野郡藍住町",34958,3215,9.2,"2017/01/01","2018/03/01"
"徳島県","板野郡板野町",13651,1348,9.9,"2017/01/01","2018/03/01"
"徳島県","板野郡上板町",12337,736,6.0,"2017/01/01","2018/03/01"
"徳島県","美馬郡つるぎ町",9580,861,9.0,"2017/01/01","2018/03/01"
"徳島県","三好郡東みよし町",14784,1139,7.7,"2017/01/01","2018/03/01"
"香川県","高松市",429242,40331,9.4,"2017/01/01","2018/03/01"
"香川県","丸亀市",113564,9121,8.0,"2017/01/01","2018/03/01"
"香川県","坂出市",54222,4534,8.4,"2017/01/01","2018/03/01"
"香川県","善通寺市",32566,2999,9.2,"2017/01/01","2018/03/01"
"香川県","観音寺市",61570,4391,7.1,"2017/01/01","2018/03/01"
"香川県","さぬき市",50264,4368,8.7,"2017/01/01","2018/03/01"
"香川県","東かがわ市",31956,2848,8.9,"2017/01/01","2018/03/01"
"香川県","三豊市",67482,6307,9.3,"2017/01/01","2018/03/01"
"香川県","小豆郡土庄町",14504,1210,8.3,"2017/01/01","2018/03/01"
"香川県","小豆郡小豆島町",15238,1223,8.0,"2017/01/01","2018/03/01"
"香川県","木田郡三木町",28604,2410,8.4,"2017/01/01","2018/03/01"
"香川県","香川郡直島町",3153,280,8.9,"2017/01/01","2018/03/01"
"香川県","綾歌郡宇多津町",18556,1446,7.8,"2017/01/01","2018/03/01"
"香川県","綾歌郡綾川町",24586,1828,7.4,"2017/01/01","2018/03/01"
"香川県","仲多度郡琴平町",9404,883,9.4,"2017/01/01","2018/03/01"
"香川県","仲多度郡多度津町",23669,1950,8.2,"2017/01/01","2018/03/01"
"香川県","仲多度郡まんのう町",19231,1357,7.1,"2017/01/01","2018/03/01"
"愛媛県","松山市",515882,45150,8.8,"2017/01/01","2018/03/01"
"愛媛県","今治市",163481,13402,8.2,"2017/01/01","2018/03/01"
"愛媛県","宇和島市",78755,7165,9.1,"2017/01/01","2018/03/01"
"愛媛県","八幡浜市",35245,3579,10.2,"2017/01/01","2018/03/01"
"愛媛県","新居浜市",121637,9611,7.9,"2017/01/01","2018/03/01"
"愛媛県","西条市",111619,7856,7.0,"2017/01/01","2018/03/01"
"愛媛県","大洲市",44872,3229,7.2,"2017/01/01","2018/03/01"
"愛媛県","伊予市",37859,3197,8.4,"2017/01/01","2018/03/01"
"愛媛県","四国中央市",89470,5386,6.0,"2017/01/01","2018/03/01"
"愛媛県","西予市",39767,6935,17.4,"2017/01/01","2018/03/01"
"愛媛県","東温市",33586,3187,9.5,"2017/01/01","2018/03/01"
"愛媛県","越智郡上島町",7221,1017,14.1,"2017/01/01","2018/03/01"
"愛媛県","上浮穴郡久万高原町",8774,1040,11.9,"2017/01/01","2018/03/01"
"愛媛県","伊予郡松前町",30899,3027,9.8,"2017/01/01","2018/03/01"
"愛媛県","伊予郡砥部町",21596,2184,10.1,"2017/01/01","2018/03/01"
"愛媛県","喜多郡内子町",17160,1356,7.9,"2017/01/01","2018/03/01"
"愛媛県","西宇和郡伊方町",9917,745,7.5,"2017/01/01","2018/03/01"
"愛媛県","北宇和郡松野町",4156,274,6.6,"2017/01/01","2018/03/01"
"愛媛県","南宇和郡愛南町",22570,1667,7.4,"2017/01/01","2018/03/01"
"高知県","高知市",334049,23370,7.0,"2017/01/01","2018/03/01"
"高知県","室戸市",14239,1336,9.4,"2017/01/01","2018/03/01"
"高知県","安芸市",17944,1242,6.9,"2017/01/01","2018/03/01"
"高知県","南国市",48056,2605,5.4,"2017/01/01","2018/03/01"
"高知県","土佐市",27803,1396,5.0,"2017/01/01","2018/03/01"
"高知県","須崎市",22826,1019,4.5,"2017/01/01","2018/03/01"
"高知県","宿毛市",21309,1234,5.8,"2017/01/01","2018/03/01"
"高知県","土佐清水市",14295,1036,7.2,"2017/01/01","2018/03/01"
"高知県","四万十市",34757,2147,6.2,"2017/01/01","2018/03/01"
"高知県","香南市",33789,2150,6.4,"2017/01/01","2018/03/01"
"高知県","香美市",26641,1354,5.1,"2017/01/01","2018/03/01"
"高知県","安芸郡東洋町",2627,192,7.3,"2017/01/01","2018/03/01"
"高知県","安芸郡奈半利町",3359,192,5.7,"2017/01/01","2018/03/01"
"高知県","安芸郡田野町",2763,203,7.3,"2017/01/01","2018/03/01"
"高知県","安芸郡安田町",2790,151,5.4,"2017/01/01","2018/03/01"
"高知県","安芸郡北川村",1349,99,7.3,"2017/01/01","2018/03/01"
"高知県","安芸郡馬路村",910,34,3.7,"2017/01/01","2018/03/01"
"高知県","安芸郡芸西村",3863,172,4.5,"2017/01/01","2018/03/01"
"高知県","長岡郡本山町",3538,260,7.3,"2017/01/01","2018/03/01"
"高知県","長岡郡大豊町",4044,527,13.0,"2017/01/01","2018/03/01"
"高知県","土佐郡土佐町",4028,327,8.1,"2017/01/01","2018/03/01"
"高知県","土佐郡大川村",405,26,6.4,"2017/01/01","2018/03/01"
"高知県","吾川郡いの町",23712,1807,7.6,"2017/01/01","2018/03/01"
"高知県","吾川郡仁淀川町",5753,523,9.1,"2017/01/01","2018/03/01"
"高知県","高岡郡中土佐町",7199,362,5.0,"2017/01/01","2018/03/01"
"高知県","高岡郡佐川町",13223,825,6.2,"2017/01/01","2018/03/01"
"高知県","高岡郡越知町",5906,348,5.9,"2017/01/01","2018/03/01"
"高知県","高岡郡梼原町",3639,233,6.4,"2017/01/01","2018/03/01"
"高知県","高岡郡日高村",5182,362,7.0,"2017/01/01","2018/03/01"
"高知県","高岡郡津野町",6070,218,3.6,"2017/01/01","2018/03/01"
"高知県","高岡郡四万十町",17828,845,4.7,"2017/01/01","2018/03/01"
"高知県","幡多郡大月町",5377,361,6.7,"2017/01/01","2018/03/01"
"高知県","幡多郡三原村",1646,91,5.5,"2017/01/01","2018/03/01"
"高知県","幡多郡黒潮町",11616,590,5.1,"2017/01/01","2018/03/01"
"福岡県","北九州市",966628,93924,9.7,"2017/01/01","2018/03/01"
"福岡県","福岡市",1514924,159704,10.5,"2017/01/01","2018/03/01"
"福岡県","大牟田市",118005,15077,12.8,"2017/01/01","2018/03/01"
"福岡県","久留米市",306800,19781,6.4,"2017/01/01","2018/03/01"
"福岡県","直方市",57388,3811,6.6,"2017/01/01","2018/03/01"
"福岡県","飯塚市",130092,15677,12.1,"2017/01/01","2018/03/01"
"福岡県","田川市",49191,3761,7.6,"2017/01/01","2018/03/01"
"福岡県","柳川市",67818,3969,5.9,"2017/01/01","2018/03/01"
"福岡県","八女市",65385,3957,6.1,"2017/01/01","2018/03/01"
"福岡県","筑後市",49151,3035,6.2,"2017/01/01","2018/03/01"
"福岡県","大川市",35283,2119,6.0,"2017/01/01","2018/03/01"
"福岡県","行橋市",72898,6903,9.5,"2017/01/01","2018/03/01"
"福岡県","豊前市",26375,2130,8.1,"2017/01/01","2018/03/01"
"福岡県","中間市",42884,3260,7.6,"2017/01/01","2018/03/01"
"福岡県","小郡市",59385,5035,8.5,"2017/01/01","2018/03/01"
"福岡県","筑紫野市",103312,8287,8.0,"2017/01/01","2018/03/01"
"福岡県","春日市",112783,10260,9.1,"2017/01/01","2018/03/01"
"福岡県","宗像市",96882,10312,10.6,"2017/01/01","2018/03/01"
"福岡県","太宰府市",71915,6412,8.9,"2017/01/01","2018/03/01"
"福岡県","古賀市",58499,5059,8.6,"2017/01/01","2018/03/01"
"福岡県","福津市",61698,6635,10.8,"2017/01/01","2018/03/01"
"福岡県","うきは市",30579,1390,4.5,"2017/01/01","2018/03/01"
"福岡県","宮若市",28535,1915,6.7,"2017/01/01","2018/03/01"
"福岡県","嘉麻市",39745,2710,6.8,"2017/01/01","2018/03/01"
"福岡県","朝倉市",54740,3980,7.3,"2017/01/01","2018/03/01"
"福岡県","みやま市",38546,2310,6.0,"2017/01/01","2018/03/01"
"福岡県","糸島市",100242,12082,12.1,"2017/01/01","2018/03/01"
"福岡県","筑紫郡那珂川町",50401,4108,8.2,"2017/01/01","2018/03/01"
"福岡県","糟屋郡宇美町",37288,2995,8.0,"2017/01/01","2018/03/01"
"福岡県","糟屋郡篠栗町",31644,2632,8.3,"2017/01/01","2018/03/01"
"福岡県","糟屋郡志免町",45675,4235,9.3,"2017/01/01","2018/03/01"
"福岡県","糟屋郡須惠町",27894,2591,9.3,"2017/01/01","2018/03/01"
"福岡県","糟屋郡新宮町",31950,4015,12.6,"2017/01/01","2018/03/01"
"福岡県","糟屋郡久山町",8597,655,7.6,"2017/01/01","2018/03/01"
"福岡県","糟屋郡粕屋町",46374,3221,6.9,"2017/01/01","2018/03/01"
"福岡県","遠賀郡芦屋町",14353,1449,10.1,"2017/01/01","2018/03/01"
"福岡県","遠賀郡水巻町",28982,2711,9.4,"2017/01/01","2018/03/01"
"福岡県","遠賀郡岡垣町",32153,4410,13.7,"2017/01/01","2018/03/01"
"福岡県","遠賀郡遠賀町",19382,2035,10.5,"2017/01/01","2018/03/01"
"福岡県","鞍手郡小竹町",8014,664,8.3,"2017/01/01","2018/03/01"
"福岡県","鞍手郡鞍手町",16527,1195,7.2,"2017/01/01","2018/03/01"
"福岡県","嘉穂郡桂川町",13815,1213,8.8,"2017/01/01","2018/03/01"
"福岡県","朝倉郡筑前町",29653,1899,6.4,"2017/01/01","2018/03/01"
"福岡県","朝倉郡東峰村",2237,163,7.3,"2017/01/01","2018/03/01"
"福岡県","三井郡大刀洗町",15618,926,5.9,"2017/01/01","2018/03/01"
"福岡県","三潴郡大木町",14338,803,5.6,"2017/01/01","2018/03/01"
"福岡県","八女郡広川町",19882,1304,6.6,"2017/01/01","2018/03/01"
"福岡県","田川郡香春町",11407,975,8.5,"2017/01/01","2018/03/01"
"福岡県","田川郡添田町",10374,1000,9.6,"2017/01/01","2018/03/01"
"福岡県","田川郡糸田町",9311,970,10.4,"2017/01/01","2018/03/01"
"福岡県","田川郡川崎町",17531,1078,6.1,"2017/01/01","2018/03/01"
"福岡県","田川郡大任町",5288,425,8.0,"2017/01/01","2018/03/01"
"福岡県","田川郡赤村",3248,231,7.1,"2017/01/01","2018/03/01"
"福岡県","田川郡福智町",23547,1419,6.0,"2017/01/01","2018/03/01"
"福岡県","京都郡苅田町",36939,3695,10.0,"2017/01/01","2018/03/01"
"福岡県","京都郡みやこ町",20454,1647,8.1,"2017/01/01","2018/03/01"
"福岡県","築上郡吉富町",6846,509,7.4,"2017/01/01","2018/03/01"
"福岡県","築上郡上毛町",7791,577,7.4,"2017/01/01","2018/03/01"
"福岡県","築上郡築上町",19063,1264,6.6,"2017/01/01","2018/03/01"
"佐賀県","佐賀市",234758,24615,10.5,"2017/01/01","2018/03/01"
"佐賀県","唐津市",125001,9534,7.6,"2017/01/01","2018/03/01"
"佐賀県","鳥栖市",72845,6607,9.1,"2017/01/01","2018/03/01"
"佐賀県","多久市",19929,1713,8.6,"2017/01/01","2018/03/01"
"佐賀県","伊万里市",56034,4464,8.0,"2017/01/01","2018/03/01"
"佐賀県","武雄市",49674,3759,7.6,"2017/01/01","2018/03/01"
"佐賀県","鹿島市",30205,2952,9.8,"2017/01/01","2018/03/01"
"佐賀県","小城市",45641,3494,7.7,"2017/01/01","2018/03/01"
"佐賀県","嬉野市",27020,1786,6.6,"2017/01/01","2018/03/01"
"佐賀県","神埼市",32043,2839,8.9,"2017/01/01","2018/03/01"
"佐賀県","三養基郡基山町",17391,1738,10.0,"2017/01/01","2018/03/01"
"佐賀県","三養基郡上峰町",9591,764,8.0,"2017/01/01","2018/03/01"
"佐賀県","三養基郡みやき町",25552,2176,8.5,"2017/01/01","2018/03/01"
"佐賀県","東松浦郡玄海町",5895,332,5.6,"2017/01/01","2018/03/01"
"佐賀県","西松浦郡有田町",20516,1521,7.4,"2017/01/01","2018/03/01"
"佐賀県","杵島郡大町町",6836,597,8.7,"2017/01/01","2018/03/01"
"佐賀県","杵島郡江北町",9667,640,6.6,"2017/01/01","2018/03/01"
"佐賀県","杵島郡白石町",24010,1119,4.7,"2017/01/01","2018/03/01"
"佐賀県","藤津郡太良町",9148,517,5.7,"2017/01/01","2018/03/01"
"長崎県","長崎市",432088,49383,11.4,"2017/01/01","2018/03/01"
"長崎県","佐世保市",256520,33861,13.2,"2017/01/01","2018/03/01"
"長崎県","島原市",46414,3982,8.6,"2017/01/01","2018/03/01"
"長崎県","諫早市",139407,11056,7.9,"2017/01/01","2018/03/01"
"長崎県","大村市",95249,12152,12.8,"2017/01/01","2018/03/01"
"長崎県","平戸市",32639,2276,7.0,"2017/01/01","2018/03/01"
"長崎県","松浦市",23725,2243,9.5,"2017/01/01","2018/03/01"
"長崎県","対馬市",31853,3445,10.8,"2017/01/01","2018/03/01"
"長崎県","壱岐市",27581,3413,12.4,"2017/01/01","2018/03/01"
"長崎県","五島市",38297,4796,12.5,"2017/01/01","2018/03/01"
"長崎県","西海市",29025,2877,9.9,"2017/01/01","2018/03/01"
"長崎県","雲仙市",45147,2868,6.4,"2017/01/01","2018/03/01"
"長崎県","南島原市",48023,2966,6.2,"2017/01/01","2018/03/01"
"長崎県","西彼杵郡長与町",42678,4026,9.4,"2017/01/01","2018/03/01"
"長崎県","西彼杵郡時津町",30308,2989,9.9,"2017/01/01","2018/03/01"
"長崎県","東彼杵郡東彼杵町",8240,713,8.7,"2017/01/01","2018/03/01"
"長崎県","東彼杵郡川棚町",14219,1079,7.6,"2017/01/01","2018/03/01"
"長崎県","東彼杵郡波佐見町",14988,944,6.3,"2017/01/01","2018/03/01"
"長崎県","北松浦郡小値賀町",2576,153,5.9,"2017/01/01","2018/03/01"
"長崎県","北松浦郡佐々町",13831,1099,7.9,"2017/01/01","2018/03/01"
"長崎県","南松浦郡新上五島町",20142,1571,7.8,"2017/01/01","2018/03/01"
"熊本県","熊本市",733844,84203,11.5,"2017/01/01","2018/03/01"
"熊本県","八代市",129922,12228,9.4,"2017/01/01","2018/03/01"
"熊本県","人吉市",33616,3835,11.4,"2017/01/01","2018/03/01"
"熊本県","荒尾市",53961,4899,9.1,"2017/01/01","2018/03/01"
"熊本県","水俣市",25493,2982,11.7,"2017/01/01","2018/03/01"
"熊本県","玉名市",67605,4588,6.8,"2017/01/01","2018/03/01"
"熊本県","山鹿市",53645,5702,10.6,"2017/01/01","2018/03/01"
"熊本県","菊池市",49711,3676,7.4,"2017/01/01","2018/03/01"
"熊本県","宇土市",37598,3301,8.8,"2017/01/01","2018/03/01"
"熊本県","上天草市",28520,2793,9.8,"2017/01/01","2018/03/01"
"熊本県","宇城市",60297,4801,8.0,"2017/01/01","2018/03/01"
"熊本県","阿蘇市",27204,2633,9.7,"2017/01/01","2018/03/01"
"熊本県","天草市",84067,8091,9.6,"2017/01/01","2018/03/01"
"熊本県","合志市",60701,4906,8.1,"2017/01/01","2018/03/01"
"熊本県","下益城郡美里町",10586,778,7.3,"2017/01/01","2018/03/01"
"熊本県","玉名郡玉東町",5397,372,6.9,"2017/01/01","2018/03/01"
"熊本県","玉名郡南関町",10138,795,7.8,"2017/01/01","2018/03/01"
"熊本県","玉名郡長洲町",16301,1654,10.1,"2017/01/01","2018/03/01"
"熊本県","玉名郡和水町",10568,877,8.3,"2017/01/01","2018/03/01"
"熊本県","菊池郡大津町",34228,2592,7.6,"2017/01/01","2018/03/01"
"熊本県","菊池郡菊陽町",41026,3648,8.9,"2017/01/01","2018/03/01"
"熊本県","阿蘇郡南小国町",4205,279,6.6,"2017/01/01","2018/03/01"
"熊本県","阿蘇郡産山村",1549,120,7.7,"2017/01/01","2018/03/01"
"熊本県","阿蘇郡高森町",6662,498,7.5,"2017/01/01","2018/03/01"
"熊本県","阿蘇郡西原村",6845,449,6.6,"2017/01/01","2018/03/01"
"熊本県","阿蘇郡南阿蘇村",11115,773,7.0,"2017/01/01","2018/03/01"
"熊本県","上益城郡御船町",17320,1538,8.9,"2017/01/01","2018/03/01"
"熊本県","上益城郡嘉島町",9126,736,8.1,"2017/01/01","2018/03/01"
"熊本県","上益城郡益城町",33205,3386,10.2,"2017/01/01","2018/03/01"
"熊本県","上益城郡甲佐町",10972,713,6.5,"2017/01/01","2018/03/01"
"熊本県","上益城郡山都町",15848,1297,8.2,"2017/01/01","2018/03/01"
"熊本県","八代郡氷川町",12381,826,6.7,"2017/01/01","2018/03/01"
"熊本県","葦北郡芦北町",18117,1819,10.0,"2017/01/01","2018/03/01"
"熊本県","葦北郡津奈木町",4785,433,9.0,"2017/01/01","2018/03/01"
"熊本県","球磨郡錦町",11048,816,7.4,"2017/01/01","2018/03/01"
"熊本県","球磨郡多良木町",9986,980,9.8,"2017/01/01","2018/03/01"
"熊本県","球磨郡湯前町",4084,342,8.4,"2017/01/01","2018/03/01"
"熊本県","球磨郡水上村",2302,218,9.5,"2017/01/01","2018/03/01"
"熊本県","球磨郡相良村",4643,422,9.1,"2017/01/01","2018/03/01"
"熊本県","球磨郡五木村",1164,101,8.7,"2017/01/01","2018/03/01"
"熊本県","球磨郡山江村",3600,416,11.6,"2017/01/01","2018/03/01"
"熊本県","球磨郡球磨村",3898,305,7.8,"2017/01/01","2018/03/01"
"熊本県","球磨郡あさぎり町",15888,1397,8.8,"2017/01/01","2018/03/01"
"熊本県","天草郡苓北町",7558,481,6.4,"2017/01/01","2018/03/01"
"大分県","大分市",479726,40660,8.5,"2017/01/01","2018/03/01"
"大分県","別府市",119741,11717,9.8,"2017/01/01","2018/03/01"
"大分県","中津市",84864,8883,10.5,"2017/01/01","2018/03/01"
"大分県","日田市",67708,9428,13.9,"2017/01/01","2018/03/01"
"大分県","佐伯市",73925,6738,9.1,"2017/01/01","2018/03/01"
"大分県","臼杵市",39952,3665,9.2,"2017/01/01","2018/03/01"
"大分県","津久見市",18481,1468,7.9,"2017/01/01","2018/03/01"
"大分県","竹田市",22812,2440,10.7,"2017/01/01","2018/03/01"
"大分県","豊後高田市",23144,2713,11.7,"2017/01/01","2018/03/01"
"大分県","杵築市",30222,2772,9.2,"2017/01/01","2018/03/01"
"大分県","宇佐市",57607,4786,8.3,"2017/01/01","2018/03/01"
"大分県","豊後大野市",37505,3705,9.9,"2017/01/01","2018/03/01"
"大分県","由布市",35069,2898,8.3,"2017/01/01","2018/03/01"
"大分県","国東市",29330,2939,10.0,"2017/01/01","2018/03/01"
"大分県","東国東郡姫島村",2152,892,41.4,"2017/01/01","2018/03/01"
"大分県","速見郡日出町",28561,2551,8.9,"2017/01/01","2018/03/01"
"大分県","玖珠郡九重町",9907,971,9.8,"2017/01/01","2018/03/01"
"大分県","玖珠郡玖珠町",16185,1362,8.4,"2017/01/01","2018/03/01"
"宮崎県","宮崎市",404375,56061,13.9,"2017/01/01","2018/03/01"
"宮崎県","都城市",167351,40426,24.2,"2017/01/01","2018/03/01"
"宮崎県","延岡市",126612,15322,12.1,"2017/01/01","2018/03/01"
"宮崎県","日南市",54999,8557,15.6,"2017/01/01","2018/03/01"
"宮崎県","小林市",47090,6906,14.7,"2017/01/01","2018/03/01"
"宮崎県","日向市",62746,4721,7.5,"2017/01/01","2018/03/01"
"宮崎県","串間市",19253,3545,18.4,"2017/01/01","2018/03/01"
"宮崎県","西都市",31260,3715,11.9,"2017/01/01","2018/03/01"
"宮崎県","えびの市",20339,2331,11.5,"2017/01/01","2018/03/01"
"宮崎県","北諸県郡三股町",26054,2210,8.5,"2017/01/01","2018/03/01"
"宮崎県","西諸県郡高原町",9687,760,7.8,"2017/01/01","2018/03/01"
"宮崎県","東諸県郡国富町",19961,1875,9.4,"2017/01/01","2018/03/01"
"宮崎県","児湯郡高鍋町",20919,2134,10.2,"2017/01/01","2018/03/01"
"宮崎県","児湯郡新富町",17791,1592,8.9,"2017/01/01","2018/03/01"
"宮崎県","児湯郡西米良村",1209,118,9.8,"2017/01/01","2018/03/01"
"宮崎県","児湯郡木城町",5350,441,8.2,"2017/01/01","2018/03/01"
"宮崎県","児湯郡川南町",16128,2157,13.4,"2017/01/01","2018/03/01"
"宮崎県","児湯郡都農町",10818,1075,9.9,"2017/01/01","2018/03/01"
"宮崎県","東臼杵郡門川町",18437,1259,6.8,"2017/01/01","2018/03/01"
"宮崎県","東臼杵郡諸塚村",1835,107,5.8,"2017/01/01","2018/03/01"
"宮崎県","東臼杵郡椎葉村",2945,182,6.2,"2017/01/01","2018/03/01"
"宮崎県","東臼杵郡美郷町",5790,553,9.6,"2017/01/01","2018/03/01"
"宮崎県","西臼杵郡高千穂町",12771,975,7.6,"2017/01/01","2018/03/01"
"宮崎県","西臼杵郡日之影町",4183,250,6.0,"2017/01/01","2018/03/01"
"宮崎県","西臼杵郡五ヶ瀬町",4083,249,6.1,"2017/01/01","2018/03/01"
"鹿児島県","鹿児島市",606706,58006,9.6,"2017/01/01","2018/03/01"
"鹿児島県","鹿屋市",104650,10944,10.5,"2017/01/01","2018/03/01"
"鹿児島県","枕崎市",22192,2377,10.7,"2017/01/01","2018/03/01"
"鹿児島県","阿久根市",21533,2258,10.5,"2017/01/01","2018/03/01"
"鹿児島県","出水市",54667,5443,10.0,"2017/01/01","2018/03/01"
"鹿児島県","指宿市",42238,4089,9.7,"2017/01/01","2018/03/01"
"鹿児島県","西之表市",15924,3065,19.2,"2017/01/01","2018/03/01"
"鹿児島県","垂水市",15620,1226,7.8,"2017/01/01","2018/03/01"
"鹿児島県","薩摩川内市",97056,11606,12.0,"2017/01/01","2018/03/01"
"鹿児島県","日置市",49858,5686,11.4,"2017/01/01","2018/03/01"
"鹿児島県","曽於市",37633,2766,7.3,"2017/01/01","2018/03/01"
"鹿児島県","霧島市",126620,12331,9.7,"2017/01/01","2018/03/01"
"鹿児島県","いちき串木野市",28916,2831,9.8,"2017/01/01","2018/03/01"
"鹿児島県","南さつま市",35473,2975,8.4,"2017/01/01","2018/03/01"
"鹿児島県","志布志市",32415,2112,6.5,"2017/01/01","2018/03/01"
"鹿児島県","奄美市",44250,5390,12.2,"2017/01/01","2018/03/01"
"鹿児島県","南九州市",36605,3001,8.2,"2017/01/01","2018/03/01"
"鹿児島県","伊佐市",27070,2700,10.0,"2017/01/01","2018/03/01"
"鹿児島県","姶良市",76680,7103,9.3,"2017/01/01","2018/03/01"
"鹿児島県","鹿児島郡三島村",379,32,8.4,"2017/01/01","2018/03/01"
"鹿児島県","鹿児島郡十島村",719,57,7.9,"2017/01/01","2018/03/01"
"鹿児島県","薩摩郡さつま町",22219,1761,7.9,"2017/01/01","2018/03/01"
"鹿児島県","出水郡長島町",10793,894,8.3,"2017/01/01","2018/03/01"
"鹿児島県","姶良郡湧水町",9834,812,8.3,"2017/01/01","2018/03/01"
"鹿児島県","曽於郡大崎町",13622,999,7.3,"2017/01/01","2018/03/01"
"鹿児島県","肝属郡東串良町",6804,469,6.9,"2017/01/01","2018/03/01"
"鹿児島県","肝属郡錦江町",8022,445,5.5,"2017/01/01","2018/03/01"
"鹿児島県","肝属郡南大隅町",7757,566,7.3,"2017/01/01","2018/03/01"
"鹿児島県","肝属郡肝付町",16120,1132,7.0,"2017/01/01","2018/03/01"
"鹿児島県","熊毛郡中種子町",8272,908,11.0,"2017/01/01","2018/03/01"
"鹿児島県","熊毛郡南種子町",5767,548,9.5,"2017/01/01","2018/03/01"
"鹿児島県","熊毛郡屋久島町",12965,1580,12.2,"2017/01/01","2018/03/01"
"鹿児島県","大島郡大和村",1541,159,10.3,"2017/01/01","2018/03/01"
"鹿児島県","大島郡宇検村",1759,251,14.3,"2017/01/01","2018/03/01"
"鹿児島県","大島郡瀬戸内町",9133,1044,11.4,"2017/01/01","2018/03/01"
"鹿児島県","大島郡龍郷町",6047,607,10.0,"2017/01/01","2018/03/01"
"鹿児島県","大島郡喜界町",7358,784,10.7,"2017/01/01","2018/03/01"
"鹿児島県","大島郡徳之島町",11283,965,8.6,"2017/01/01","2018/03/01"
"鹿児島県","大島郡天城町",6182,586,9.5,"2017/01/01","2018/03/01"
"鹿児島県","大島郡和泊町",6843,626,9.1,"2017/01/01","2018/03/01"
"鹿児島県","大島郡知名町",6221,866,13.9,"2017/01/01","2018/03/01"
"鹿児島県","大島郡与論町",5339,646,12.1,"2017/01/01","2018/03/01"
"沖縄県","那覇市",324157,29221,9.0,"2017/01/01","2018/03/01"
"沖縄県","宜野湾市",98151,6877,7.0,"2017/01/01","2018/03/01"
"沖縄県","石垣市",49270,5290,10.7,"2017/01/01","2018/03/01"
"沖縄県","浦添市",114337,7619,6.7,"2017/01/01","2018/03/01"
"沖縄県","名護市",62581,3693,5.9,"2017/01/01","2018/03/01"
"沖縄県","糸満市",60884,5095,8.4,"2017/01/01","2018/03/01"
"沖縄県","沖縄市",141612,12139,8.6,"2017/01/01","2018/03/01"
"沖縄県","豊見城市",62896,4514,7.2,"2017/01/01","2018/03/01"
"沖縄県","うるま市",122692,11302,9.2,"2017/01/01","2018/03/01"
"沖縄県","宮古島市",54340,4708,8.7,"2017/01/01","2018/03/01"
"沖縄県","南城市",43247,6609,15.3,"2017/01/01","2018/03/01"
"沖縄県","国頭郡国頭村",4949,420,8.5,"2017/01/01","2018/03/01"
"沖縄県","国頭郡大宜味村",3161,139,4.4,"2017/01/01","2018/03/01"
"沖縄県","国頭郡東村",1835,127,6.9,"2017/01/01","2018/03/01"
"沖縄県","国頭郡今帰仁村",9604,439,4.6,"2017/01/01","2018/03/01"
"沖縄県","国頭郡本部町",13441,814,6.1,"2017/01/01","2018/03/01"
"沖縄県","国頭郡恩納村",10980,539,4.9,"2017/01/01","2018/03/01"
"沖縄県","国頭郡宜野座村",5942,286,4.8,"2017/01/01","2018/03/01"
"沖縄県","国頭郡金武町",11453,847,7.4,"2017/01/01","2018/03/01"
"沖縄県","国頭郡伊江村",4620,538,11.6,"2017/01/01","2018/03/01"
"沖縄県","中頭郡読谷村",41404,3068,7.4,"2017/01/01","2018/03/01"
"沖縄県","中頭郡嘉手納町",13722,694,5.1,"2017/01/01","2018/03/01"
"沖縄県","中頭郡北谷町",29189,2140,7.3,"2017/01/01","2018/03/01"
"沖縄県","中頭郡北中城村",16804,1064,6.3,"2017/01/01","2018/03/01"
"沖縄県","中頭郡中城村",20280,1065,5.3,"2017/01/01","2018/03/01"
"沖縄県","中頭郡西原町",35146,2162,6.2,"2017/01/01","2018/03/01"
"沖縄県","島尻郡与那原町",19229,1312,6.8,"2017/01/01","2018/03/01"
"沖縄県","島尻郡南風原町",37991,2399,6.3,"2017/01/01","2018/03/01"
"沖縄県","島尻郡渡嘉敷村",702,41,5.8,"2017/01/01","2018/03/01"
"沖縄県","島尻郡座間味村",938,134,14.3,"2017/01/01","2018/03/01"
"沖縄県","島尻郡粟国村",724,72,9.9,"2017/01/01","2018/03/01"
"沖縄県","島尻郡渡名喜村",385,33,8.6,"2017/01/01","2018/03/01"
"沖縄県","島尻郡南大東村",1281,74,5.8,"2017/01/01","2018/03/01"
"沖縄県","島尻郡北大東村",580,130,22.4,"2017/01/01","2018/03/01"
"沖縄県","島尻郡伊平屋村",1268,57,4.5,"2017/01/01","2018/03/01"
"沖縄県","島尻郡伊是名村",1526,431,28.2,"2017/01/01","2018/03/01"
"沖縄県","島尻郡久米島町",8101,337,4.2,"2017/01/01","2018/03/01"
"沖縄県","島尻郡八重瀬町",30494,1662,5.5,"2017/01/01","2018/03/01"
"沖縄県","宮古郡多良間村",1182,59,5.0,"2017/01/01","2018/03/01"
"沖縄県","八重山郡竹富町",4269,597,14.0,"2017/01/01","2018/03/01"
"沖縄県","八重山郡与那国町",1704,142,8.3,"2017/01/01","2018/03/01"
